date,open,close,cash_return
2030-01-01,100,100,5e-05
2030-01-02,99.9830525147,99.5931200722,5e-05
2030-01-03,99.4859619019,99.0906079411,5e-05
2030-01-04,99.1847098883,99.1267029314,5e-05
2030-01-07,98.4039460365,97.7074121832,5e-05
2030-01-08,97.9110067984,98.4386467581,5e-05
2030-01-09,98.8712806448,97.6915194269,5e-05
2030-01-10,97.8122302562,99.1948591408,5e-05
2030-01-11,99.158677449,98.9733113414,5e-05
2030-01-14,98.7815370155,99.2664329009,5e-05
2030-01-15,100.47008314,99.4341538869,5e-05
2030-01-16,99.4095906379,98.8610575452,5e-05
2030-01-17,98.5081339466,97.5474737895,5e-05
2030-01-18,97.4684404637,98.2379309585,5e-05
2030-01-21,99.887763335,98.2352306359,5e-05
2030-01-22,98.1012017142,97.8673077814,5e-05
2030-01-23,98.5476506626,99.1299452115,5e-05
2030-01-24,99.4624410385,98.8530279756,5e-05
2030-01-25,99.0423920302,99.080853951,5e-05
2030-01-28,99.1037027153,100.306493737,5e-05
2030-01-29,100.201778513,100.533460433,5e-05
2030-01-30,100.11462377,101.788759176,5e-05
2030-01-31,101.141417118,100.752377089,5e-05
2030-02-01,101.388340713,102.61164416,5e-05
2030-02-04,102.033575728,102.504185549,5e-05
2030-02-05,102.424238037,102.640762628,5e-05
2030-02-06,103.029270399,104.239433753,5e-05
2030-02-07,104.077710779,104.547888241,5e-05
2030-02-08,104.730812432,104.690769715,5e-05
2030-02-11,104.704754022,104.237438919,5e-05
2030-02-12,104.082122534,103.805910681,5e-05
2030-02-13,103.581533563,103.258361505,5e-05
2030-02-14,103.826349174,104.114955323,5e-05
2030-02-15,104.499899875,104.991917075,5e-05
2030-02-18,104.328517557,104.57606788,5e-05
2030-02-19,103.66743735,103.636802751,5e-05
2030-02-20,104.893790607,105.069597468,5e-05
2030-02-21,105.493364111,105.096242349,5e-05
2030-02-22,104.385452855,104.350583894,5e-05
2030-02-25,104.616954782,105.556314274,5e-05
2030-02-26,106.221855582,106.223883902,5e-05
2030-02-27,106.159495887,104.657733517,5e-05
2030-02-28,104.478986884,104.399287239,5e-05
2030-03-01,104.235219472,104.566417159,5e-05
2030-03-04,104.50857167,103.84229002,5e-05
2030-03-05,104.05637062,104.670385782,5e-05
2030-03-06,103.804795029,104.026956952,5e-05
2030-03-07,104.078731111,104.414565206,5e-05
2030-03-08,104.683775669,103.299059122,5e-05
2030-03-11,102.827834326,104.072353208,5e-05
2030-03-12,104.534264585,104.312928689,5e-05
2030-03-13,104.179719642,105.681973663,5e-05
2030-03-14,105.628816921,105.060788029,5e-05
2030-03-15,105.872703397,105.373789323,5e-05
2030-03-18,105.484281827,104.960227797,5e-05
2030-03-19,104.885236908,103.205883625,5e-05
2030-03-20,103.580622046,103.154138151,5e-05
2030-03-21,102.510569335,101.764022524,5e-05
2030-03-22,100.994346199,100.274710786,5e-05
2030-03-25,100.443074806,99.1903498737,5e-05
2030-03-26,99.5433907851,100.487906373,5e-05
2030-03-27,100.974164296,101.421435622,5e-05
2030-03-28,101.01084053,101.392865388,5e-05
2030-03-29,101.083921114,101.22348577,5e-05
2030-04-01,101.479705134,102.420137461,5e-05
2030-04-02,102.634942469,101.990454929,5e-05
2030-04-03,102.09646608,102.203012627,5e-05
2030-04-04,102.176026033,102.466715534,5e-05
2030-04-05,102.645829328,103.262125781,5e-05
2030-04-08,103.521314644,103.885540062,5e-05
2030-04-09,104.695983308,104.912862449,5e-05
2030-04-10,104.736141955,104.554770683,5e-05
2030-04-11,105.067688122,105.880408923,5e-05
2030-04-12,105.760595856,105.162133938,5e-05
2030-04-15,103.921243423,103.954964897,5e-05
2030-04-16,103.569143811,103.166338702,5e-05
2030-04-17,102.618739064,103.107108857,5e-05
2030-04-18,103.548312372,101.543081798,5e-05
2030-04-19,102.306876889,102.908183326,5e-05
2030-04-22,102.792963848,102.009995346,5e-05
2030-04-23,102.430024399,102.751005103,5e-05
2030-04-24,103.694233459,103.050109318,5e-05
2030-04-25,102.943516856,102.851654175,5e-05
2030-04-26,103.17160901,102.578086276,5e-05
2030-04-29,102.466505885,101.754491491,5e-05
2030-04-30,102.980640627,102.330341573,5e-05
2030-05-01,102.123605261,102.2606364,5e-05
2030-05-02,102.475773824,102.285641426,5e-05
2030-05-03,102.8841531,104.091399543,5e-05
2030-05-06,104.269529791,103.055224486,5e-05
2030-05-07,102.880376809,102.919974062,5e-05
2030-05-08,103.860842049,103.451733122,5e-05
2030-05-09,103.800137551,103.843275397,5e-05
2030-05-10,103.79925132,103.577747239,5e-05
2030-05-13,104.104348959,104.534055811,5e-05
2030-05-14,103.142953956,101.780150863,5e-05
2030-05-15,101.908764556,101.319181973,5e-05
2030-05-16,101.527336751,101.458881441,5e-05
2030-05-17,100.828537774,100.867431314,5e-05
2030-05-20,100.551977483,100.288511453,5e-05
2030-05-21,100.255437458,100.253127796,5e-05
2030-05-22,100.856403373,100.421243836,5e-05
2030-05-23,100.062677834,99.6841658833,5e-05
2030-05-24,99.855668561,99.4346708466,5e-05
2030-05-27,99.3872811317,99.7668560375,5e-05
2030-05-28,99.8237136469,100.301790714,5e-05
2030-05-29,99.6127387387,99.0571389752,5e-05
2030-05-30,99.639384105,98.8126574565,5e-05
2030-05-31,98.6511939654,97.5672085526,5e-05
2030-06-03,98.1248127006,97.9779115744,5e-05
2030-06-04,98.5155824382,99.2920606185,5e-05
2030-06-05,99.23004924,99.0964782409,5e-05
2030-06-06,99.0619529895,98.0300611205,5e-05
2030-06-07,98.6321511034,96.875662402,5e-05
2030-06-10,96.6504171805,96.634943236,5e-05
2030-06-11,97.2632362624,98.0901367303,5e-05
2030-06-12,97.4927644856,98.0350227725,5e-05
2030-06-13,98.468808767,99.2207475849,5e-05
2030-06-14,98.7505622616,99.3028790152,5e-05
2030-06-17,100.105620905,100.290891164,5e-05
2030-06-18,100.231785927,99.0054081224,5e-05
2030-06-19,97.9716629464,98.2720027136,5e-05
2030-06-20,98.6045094669,97.7414565039,5e-05
2030-06-21,97.3843492988,97.2462732389,5e-05
2030-06-24,97.5592364654,96.9152293419,5e-05
2030-06-25,96.6646038854,97.4092694834,5e-05
2030-06-26,97.9050397739,97.7972514646,5e-05
2030-06-27,98.5013570975,98.4033467531,5e-05
2030-06-28,98.4230636176,98.4744407202,5e-05
2030-07-01,98.9670457399,99.6300871513,5e-05
2030-07-02,99.1595992291,99.7897275566,5e-05
2030-07-03,100.358330641,100.192350476,5e-05
2030-07-04,100.715327917,101.169503044,5e-05
2030-07-05,101.376680472,100.424979402,5e-05
2030-07-08,100.502776274,99.1063517356,5e-05
2030-07-09,100.142972638,100.373351045,5e-05
2030-07-10,101.222541823,102.63568792,5e-05
2030-07-11,103.436336802,101.585543519,5e-05
2030-07-12,101.229360329,100.730246411,5e-05
2030-07-15,100.943293972,101.563321341,5e-05
2030-07-16,102.610099546,102.346727054,5e-05
2030-07-17,102.675572418,102.112984652,5e-05
2030-07-18,102.333038189,101.330216022,5e-05
2030-07-19,101.469369808,101.337032088,5e-05
2030-07-22,101.204309278,101.772728401,5e-05
2030-07-23,101.610583833,101.816094573,5e-05
2030-07-24,100.671302001,100.381103374,5e-05
2030-07-25,100.336851462,100.435737396,5e-05
2030-07-26,100.100132937,99.0506823794,5e-05
2030-07-29,98.4406374763,99.3448725856,5e-05
2030-07-30,99.8242101151,99.4999791612,5e-05
2030-07-31,99.2222862113,97.825523979,5e-05
2030-08-01,98.6592109979,96.9736942388,5e-05
2030-08-02,97.9689052904,97.8655023224,5e-05
2030-08-05,97.7322371083,97.3160603064,5e-05
2030-08-06,97.8143635569,96.0319908899,5e-05
2030-08-07,95.9256293004,96.4895656922,5e-05
2030-08-08,96.4372875498,96.3775767976,5e-05
2030-08-09,96.5745813801,96.8704246503,5e-05
2030-08-12,97.0975607899,96.9554274097,5e-05
2030-08-13,96.8913627967,97.3706883529,5e-05
2030-08-14,96.9368208902,95.3353183912,5e-05
2030-08-15,95.454865427,95.0601103972,5e-05
2030-08-16,95.2063426968,94.5923453282,5e-05
2030-08-19,94.2247542173,95.0108688261,5e-05
2030-08-20,95.0264398617,95.1810568426,5e-05
2030-08-21,94.7987183231,94.8680444217,5e-05
2030-08-22,95.327073991,95.8302614279,5e-05
2030-08-23,96.0348004373,96.4760172133,5e-05
2030-08-26,96.7558417258,98.0224681599,5e-05
2030-08-27,97.6605720321,97.9936469423,5e-05
2030-08-28,98.283761513,100.587419131,5e-05
2030-08-29,101.284889081,100.851245038,5e-05
2030-08-30,100.147624467,100.644569934,5e-05
2030-09-02,100.319974546,99.5479744455,5e-05
2030-09-03,99.3559409647,100.660943987,5e-05
2030-09-04,100.56810076,99.296219272,5e-05
2030-09-05,100.130698537,98.3538213177,5e-05
2030-09-06,97.590254885,97.712895771,5e-05
2030-09-09,97.7602779089,97.290079687,5e-05
2030-09-10,97.0820427223,97.4248624485,5e-05
2030-09-11,97.6479124811,96.3882306522,5e-05
2030-09-12,97.0777836323,96.6050458594,5e-05
2030-09-13,96.8992065067,95.9420251985,5e-05
2030-09-16,96.1799855224,95.4450164668,5e-05
2030-09-17,95.6039946356,95.4660585869,5e-05
2030-09-18,94.9547192709,95.4214554553,5e-05
2030-09-19,95.8480508282,94.9898182528,5e-05
2030-09-20,94.0464261915,93.3008426254,5e-05
2030-09-23,93.0930110062,93.1692450893,5e-05
2030-09-24,93.5541557105,93.5519876708,5e-05
2030-09-25,94.1809979789,92.8375906314,5e-05
2030-09-26,92.4211713135,92.8008981636,5e-05
2030-09-27,92.5678245808,93.99396702,5e-05
2030-09-30,94.1787546384,93.5476864399,5e-05
2030-10-01,94.2504222236,95.1735189464,5e-05
2030-10-02,95.5731581273,95.1477236922,5e-05
2030-10-03,95.0979232087,95.8948650396,5e-05
2030-10-04,96.0143367229,95.1692315665,5e-05
2030-10-07,95.5762463831,94.4848808116,5e-05
2030-10-08,93.87759802,94.3386012207,5e-05
2030-10-09,94.6422186919,94.3306632553,5e-05
2030-10-10,94.5561031189,93.6425625072,5e-05
2030-10-11,93.5611532936,93.0249614832,5e-05
2030-10-14,93.1418874839,92.6101603467,5e-05
2030-10-15,93.0792049142,93.2044912109,5e-05
2030-10-16,94.0648202828,95.0446533537,5e-05
2030-10-17,94.9802623708,95.6809375189,5e-05
2030-10-18,96.0603038652,95.3771426952,5e-05
2030-10-21,95.7327882369,95.6533124656,5e-05
2030-10-22,96.5181375639,96.6591340945,5e-05
2030-10-23,96.697860393,98.9003031697,5e-05
2030-10-24,98.5568918996,98.9478524066,5e-05
2030-10-25,98.8767601992,98.4068082411,5e-05
2030-10-28,98.1900015352,98.769634384,5e-05
2030-10-29,98.7389474654,98.8913914027,5e-05
2030-10-30,98.7004148875,97.3224147472,5e-05
2030-10-31,97.563047576,96.7778054488,5e-05
2030-11-01,96.4010885267,95.4735844796,5e-05
2030-11-04,94.8906848548,94.6100114203,5e-05
2030-11-05,93.9932916196,94.034835145,5e-05
2030-11-06,93.3675832849,93.3759376233,5e-05
2030-11-07,93.4062357851,92.3875352412,5e-05
2030-11-08,92.6995406254,92.4438771171,5e-05
2030-11-11,92.1317448162,91.7129567045,5e-05
2030-11-12,91.5874622609,91.733184305,5e-05
2030-11-13,91.6072921997,91.9365445836,5e-05
2030-11-14,92.7520740829,93.622214253,5e-05
2030-11-15,92.931267734,92.068653314,5e-05
2030-11-18,92.3525076218,92.6647180105,5e-05
2030-11-19,92.778141592,92.220822846,5e-05
2030-11-20,92.5442877038,93.305551328,5e-05
2030-11-21,93.8270464797,95.0942743438,5e-05
2030-11-22,95.3223346142,95.2439140241,5e-05
2030-11-25,95.2336008593,95.3651373708,5e-05
2030-11-26,95.4121352721,94.2924491906,5e-05
2030-11-27,94.7393010733,95.726173237,5e-05
2030-11-28,96.1425000073,95.562812253,5e-05
2030-11-29,95.96773398,97.1384520056,5e-05
2030-12-02,97.0514507627,97.4677276177,5e-05
2030-12-03,98.1479377598,98.4333036657,5e-05
2030-12-04,99.2801161777,99.8751642867,5e-05
2030-12-05,99.4036163307,99.0304282283,5e-05
2030-12-06,99.4643608473,98.6708241799,5e-05
2030-12-09,98.8674396511,98.7466285273,5e-05
2030-12-10,99.0761171516,100.069339362,5e-05
2030-12-11,100.409868134,100.034500471,5e-05
2030-12-12,101.080153963,100.938797184,5e-05
2030-12-13,100.742708826,99.3969023497,5e-05
2030-12-16,99.7001664952,100.711725535,5e-05
2030-12-17,100.51710687,100.928531792,5e-05
2030-12-18,100.838678838,99.0413193373,5e-05
2030-12-19,99.0349535207,97.3241334033,5e-05
2030-12-20,96.5730018882,95.9943197715,5e-05
2030-12-23,95.4602787309,95.3309033241,5e-05
2030-12-24,94.7154993614,93.2736151812,5e-05
2030-12-25,92.4703753792,92.5331759223,5e-05
2030-12-26,92.9339583676,92.9545371476,5e-05
2030-12-27,92.9608539354,93.9136458189,5e-05
2030-12-30,93.5443492207,93.475538284,5e-05
2030-12-31,94.0935420593,94.241244007,5e-05
2031-01-01,94.4588883231,95.4033717966,5e-05
2031-01-02,95.1332905518,95.1028314757,5e-05
2031-01-03,95.4764996399,96.1321976201,5e-05
2031-01-06,94.851898443,95.3257318076,5e-05
2031-01-07,95.1779299114,95.3649681328,5e-05
2031-01-08,94.5786416923,93.091777744,5e-05
2031-01-09,93.4943309217,93.7388158572,5e-05
2031-01-10,93.3615681347,92.6002532015,5e-05
2031-01-13,92.673032757,92.8484490335,5e-05
2031-01-14,93.0877951401,93.559635909,5e-05
2031-01-15,93.2561047256,93.4207954507,5e-05
2031-01-16,93.4293689148,94.0728301309,5e-05
2031-01-17,93.8343144487,94.5189432507,5e-05
2031-01-20,93.8742956404,94.5829437881,5e-05
2031-01-21,94.4299982056,95.3332729197,5e-05
2031-01-22,95.5232434966,94.3497498814,5e-05
2031-01-23,93.5677093331,93.2807053441,5e-05
2031-01-24,92.8726306697,92.8173853335,5e-05
2031-01-27,92.7951278332,93.1919052308,5e-05
2031-01-28,93.834666947,94.0138997611,5e-05
2031-01-29,93.8025051178,93.8159713481,5e-05
2031-01-30,92.792673479,92.8439722612,5e-05
2031-01-31,93.0603421866,92.3877043941,5e-05
2031-02-03,92.0790303142,92.5637069831,5e-05
2031-02-04,92.2164505902,93.0253391592,5e-05
2031-02-05,93.6246775579,93.7095144728,5e-05
2031-02-06,93.5860744413,94.1827071137,5e-05
2031-02-07,93.5705988289,93.6148301872,5e-05
2031-02-10,93.6861413386,93.7854841298,5e-05
2031-02-11,94.0779461548,95.2684664591,5e-05
2031-02-12,94.5264058561,93.4726138134,5e-05
2031-02-13,93.8511450873,93.3406140272,5e-05
2031-02-14,93.4941558971,93.8742726187,5e-05
2031-02-17,94.2236590186,95.4369492151,5e-05
2031-02-18,95.0315095967,94.9661168839,5e-05
2031-02-19,95.5084478004,94.337870256,5e-05
2031-02-20,94.7750241533,94.2532889534,5e-05
2031-02-21,94.159404399,94.6894437446,5e-05
2031-02-24,94.9174271014,94.4111223862,5e-05
2031-02-25,95.1766574576,94.8255000219,5e-05
2031-02-26,94.05384877,92.3507664915,5e-05
2031-02-27,92.4091427962,91.7576029867,5e-05
2031-02-28,92.4387701496,92.6078328181,5e-05
2031-03-03,92.3760156254,92.9885603242,5e-05
2031-03-04,92.9428712477,93.0078762265,5e-05
2031-03-05,92.572830753,93.6195822413,5e-05
2031-03-06,93.5692866872,93.6869892982,5e-05
2031-03-07,94.4752846324,93.7930020591,5e-05
2031-03-10,94.0193126417,94.270664856,5e-05
2031-03-11,94.8405752148,94.0617842798,5e-05
2031-03-12,94.9402406256,95.5998320262,5e-05
2031-03-13,95.9652294699,96.2655423066,5e-05
2031-03-14,95.9796814696,93.4986034773,5e-05
2031-03-17,92.9463477255,92.887627307,5e-05
2031-03-18,93.1920290686,92.4594982728,5e-05
2031-03-19,92.6789332447,91.027551897,5e-05
2031-03-20,90.395233297,90.1064247379,5e-05
2031-03-21,89.8778696385,89.2210525822,5e-05
2031-03-24,89.4665893209,89.3661552142,5e-05
2031-03-25,89.5064478055,89.0169833356,5e-05
2031-03-26,89.6807135826,88.2775817946,5e-05
2031-03-27,88.0796389283,87.9283494682,5e-05
2031-03-28,87.6311667627,88.3906183247,5e-05
2031-03-31,88.1216568113,87.7799293385,5e-05
2031-04-01,88.1613590299,88.2064998936,5e-05
2031-04-02,88.4042906185,87.4786000236,5e-05
2031-04-03,87.608590885,87.4098565864,5e-05
2031-04-04,87.8032002506,87.6880881632,5e-05
2031-04-07,87.5462565157,87.7676210932,5e-05
2031-04-08,87.9154634132,87.2665787185,5e-05
2031-04-09,87.3620968409,86.6247379184,5e-05
2031-04-10,86.9615908758,86.8681269836,5e-05
2031-04-11,87.0502949831,87.0420940357,5e-05
2031-04-14,86.472052831,86.7978859677,5e-05
2031-04-15,87.3487626347,88.6397350178,5e-05
2031-04-16,88.8636117459,88.1764601548,5e-05
2031-04-17,88.9120578471,88.2133501137,5e-05
2031-04-18,87.8168193947,87.1797719451,5e-05
2031-04-21,86.8952834788,87.3645943628,5e-05
2031-04-22,87.2844491011,85.9844405031,5e-05
2031-04-23,86.1912785303,86.0222089084,5e-05
2031-04-24,85.7898660807,86.1851673764,5e-05
2031-04-25,86.4503913378,87.2568393332,5e-05
2031-04-28,87.4127833761,87.2313227876,5e-05
2031-04-29,87.0372896823,86.6877180986,5e-05
2031-04-30,86.5731453182,85.6742909701,5e-05
2031-05-01,85.8890069204,86.638016621,5e-05
2031-05-02,87.4179871936,87.7022595948,5e-05
2031-05-05,87.4671637031,87.4439704416,5e-05
2031-05-06,87.5722967942,86.469338255,5e-05
2031-05-07,86.1906788125,85.5917952808,5e-05
2031-05-08,85.3725426581,85.7316253714,5e-05
2031-05-09,86.0558338387,86.8722623907,5e-05
2031-05-12,86.3181798699,85.960302371,5e-05
2031-05-13,86.2539899052,86.3670803451,5e-05
2031-05-14,86.9900089248,87.0309344212,5e-05
2031-05-15,86.8914460718,87.3464976749,5e-05
2031-05-16,87.2961791276,87.8750867851,5e-05
2031-05-19,88.1319224727,87.8344218573,5e-05
2031-05-20,87.5488503886,87.9410415073,5e-05
2031-05-21,87.5046923213,88.1185996197,5e-05
2031-05-22,87.928355988,87.8033594596,5e-05
2031-05-23,88.2516289769,87.9745047508,5e-05
2031-05-26,88.0244208459,88.2781677991,5e-05
2031-05-27,87.97220129,87.4798647451,5e-05
2031-05-28,87.2771767448,88.7601238212,5e-05
2031-05-29,88.3155740177,88.3807139048,5e-05
2031-05-30,88.2718722549,88.9532633433,5e-05
2031-06-02,89.0057731642,89.1457186691,5e-05
2031-06-03,89.4981491728,88.8086192707,5e-05
2031-06-04,88.5314431356,87.2338508496,5e-05
2031-06-05,87.0784659377,86.9135155608,5e-05
2031-06-06,86.8023329519,86.4345041847,5e-05
2031-06-09,86.175970988,86.4095966452,5e-05
2031-06-10,86.2775491658,85.9576807845,5e-05
2031-06-11,85.876782752,84.9804318421,5e-05
2031-06-12,84.8243945503,84.1281310257,5e-05
2031-06-13,83.3463810506,83.2856687238,5e-05
2031-06-16,83.8440691237,83.3350262746,5e-05
2031-06-17,83.929444873,83.3925358281,5e-05
2031-06-18,84.1172008803,84.5088544214,5e-05
2031-06-19,84.5027427098,84.4096650279,5e-05
2031-06-20,84.9995053045,85.6499390224,5e-05
2031-06-23,85.2494519771,85.8722199378,5e-05
2031-06-24,85.8012447655,87.1232085033,5e-05
2031-06-25,87.0194298033,86.487907731,5e-05
2031-06-26,86.1127923592,84.2958225238,5e-05
2031-06-27,84.5185084068,84.1178727164,5e-05
2031-06-30,83.8644214932,84.1384257002,5e-05
2031-07-01,84.1901129863,84.1119241942,5e-05
2031-07-02,84.1526591034,84.7522851211,5e-05
2031-07-03,84.5988791837,85.0868458796,5e-05
2031-07-04,86.1017466507,86.3363864665,5e-05
2031-07-07,86.0721930538,86.3118252182,5e-05
2031-07-08,86.3833894653,86.3776773932,5e-05
2031-07-09,85.8321991885,85.7208660255,5e-05
2031-07-10,85.2972316801,85.3817312659,5e-05
2031-07-11,85.6745005347,86.1316100256,5e-05
2031-07-14,86.710441082,86.2465001672,5e-05
2031-07-15,86.3402009572,85.8575482135,5e-05
2031-07-16,85.3219681146,85.7230891591,5e-05
2031-07-17,85.7607052025,86.4272139201,5e-05
2031-07-18,86.8677746502,86.9918437969,5e-05
2031-07-21,86.869267511,87.7879789667,5e-05
2031-07-22,86.9070809311,87.432394886,5e-05
2031-07-23,87.6898243582,87.8097104661,5e-05
2031-07-24,87.020891657,85.768021991,5e-05
2031-07-25,84.9031218545,85.3460587201,5e-05
2031-07-28,85.4417927767,84.7966405811,5e-05
2031-07-29,84.3327140287,83.8030137705,5e-05
2031-07-30,83.9138301208,83.7599162319,5e-05
2031-07-31,83.6474296546,83.6332655198,5e-05
2031-08-01,82.8746568686,82.1555568553,5e-05
2031-08-04,81.8875483619,82.0690697037,5e-05
2031-08-05,82.6129933214,82.4853204632,5e-05
2031-08-06,82.6989948213,82.3909314744,5e-05
2031-08-07,82.439898533,81.9067213835,5e-05
2031-08-08,81.7017147531,81.2998032477,5e-05
2031-08-11,81.1868443448,81.2386308435,5e-05
2031-08-12,81.2666150936,81.987042354,5e-05
2031-08-13,82.4502017719,81.8855064724,5e-05
2031-08-14,82.5099787203,82.7354878793,5e-05
2031-08-15,82.8798982389,82.4727331622,5e-05
2031-08-18,82.1066419115,82.0619479796,5e-05
2031-08-19,81.4425530368,81.0450286907,5e-05
2031-08-20,80.7761607809,81.3619712578,5e-05
2031-08-21,81.4850894847,80.8349742968,5e-05
2031-08-22,81.0124679714,81.3459148652,5e-05
2031-08-25,82.2098368048,81.9483474801,5e-05
2031-08-26,81.6566215592,81.6688835747,5e-05
2031-08-27,81.4455447505,81.6136371201,5e-05
2031-08-28,81.7499945539,81.732111335,5e-05
2031-08-29,82.3034019039,81.5182332113,5e-05
2031-09-01,81.1686174134,80.3133118731,5e-05
2031-09-02,82.0563891376,83.5146090273,5e-05
2031-09-03,83.2944849449,82.3957567134,5e-05
2031-09-04,82.8285990384,83.0062392584,5e-05
2031-09-05,82.6290034526,82.2077342372,5e-05
2031-09-08,82.055951744,80.9930704139,5e-05
2031-09-09,81.0674912387,80.3734970636,5e-05
2031-09-10,80.762538299,80.1208328659,5e-05
2031-09-11,80.2920321766,79.6450853815,5e-05
2031-09-12,78.9912088515,79.3080734984,5e-05
2031-09-15,79.3351320254,78.8739891518,5e-05
2031-09-16,78.78607404,78.5207078999,5e-05
2031-09-17,77.7292794138,77.4561095055,5e-05
2031-09-18,77.8906891462,77.482279147,5e-05
2031-09-19,77.5694314437,77.0317870349,5e-05
2031-09-22,76.9533590214,76.2934952289,5e-05
2031-09-23,75.9249856915,75.7634445343,5e-05
2031-09-24,74.7218100035,75.1796240848,5e-05
2031-09-25,75.1502929366,76.4903483625,5e-05
2031-09-26,77.1160610671,77.6383200497,5e-05
2031-09-29,77.6962488719,77.7430865191,5e-05
2031-09-30,76.7955438401,77.1751411957,5e-05
2031-10-01,77.7153203325,77.4400627914,5e-05
2031-10-02,77.3739971165,76.935986615,5e-05
2031-10-03,77.086418433,77.2215584443,5e-05
2031-10-06,76.9209860433,76.8449208896,5e-05
2031-10-07,76.9000738733,76.8392412533,5e-05
2031-10-08,76.674800285,76.5270128718,5e-05
2031-10-09,76.4781094946,77.5377002578,5e-05
2031-10-10,78.042905682,77.8187182813,5e-05
2031-10-13,78.9400665735,78.8730830904,5e-05
2031-10-14,78.2112755616,77.739298397,5e-05
2031-10-15,77.3574817457,76.0581706084,5e-05
2031-10-16,76.0011269857,76.7668525671,5e-05
2031-10-17,77.3982596648,77.534900895,5e-05
2031-10-20,77.4602676925,78.1715362291,5e-05
2031-10-21,78.3170645165,78.6068089756,5e-05
2031-10-22,78.5009337932,78.2395599089,5e-05
2031-10-23,77.8101223264,78.6052009205,5e-05
2031-10-24,78.7132623987,78.0892940922,5e-05
2031-10-27,77.7986925041,78.2855986419,5e-05
2031-10-28,78.3162638959,79.4304077341,5e-05
2031-10-29,79.3971772207,78.288131711,5e-05
2031-10-30,78.1271137286,77.2742672338,5e-05
2031-10-31,76.6656320489,76.1691696411,5e-05
2031-11-03,76.2453377226,74.8017631489,5e-05
2031-11-04,74.7368233085,74.914862772,5e-05
2031-11-05,75.4787777847,75.3235452479,5e-05
2031-11-06,74.6763436149,74.7266935428,5e-05
2031-11-07,74.5848845184,74.1819341554,5e-05
2031-11-10,74.0583810896,74.5311886466,5e-05
2031-11-11,74.186603531,74.8675648259,5e-05
2031-11-12,74.9734427392,75.4006799936,5e-05
2031-11-13,75.1920481346,75.2646449837,5e-05
2031-11-14,74.999489116,74.2119352231,5e-05
2031-11-17,74.7008725456,74.0789671413,5e-05
2031-11-18,74.1642302955,73.6400607795,5e-05
2031-11-19,73.3325847899,72.974815874,5e-05
2031-11-20,73.2764007649,73.5074793196,5e-05
2031-11-21,73.54025354,73.0363563024,5e-05
2031-11-24,72.7707079088,72.8974087542,5e-05
2031-11-25,72.9724527314,73.1216064916,5e-05
2031-11-26,72.4512457521,73.1562258783,5e-05
2031-11-27,73.169244652,73.7850429118,5e-05
2031-11-28,74.0156885925,74.1989273311,5e-05
2031-12-01,74.7291931949,75.8495892236,5e-05
2031-12-02,76.2566387199,75.9107863675,5e-05
2031-12-03,76.0275585864,75.53009438,5e-05
2031-12-04,75.6729549177,74.7490397539,5e-05
2031-12-05,74.6300785609,75.5624808401,5e-05
2031-12-08,75.4099560989,74.7027741677,5e-05
2031-12-09,74.5080968279,74.0068570195,5e-05
2031-12-10,73.8650555417,73.0331294636,5e-05
2031-12-11,73.125821949,73.1416345686,5e-05
2031-12-12,73.1960419302,73.4732365,5e-05
2031-12-15,73.5901812235,73.0347606213,5e-05
2031-12-16,73.9510231053,73.4037745431,5e-05
2031-12-17,73.4868464912,72.8791831609,5e-05
2031-12-18,73.2237314727,72.7672426002,5e-05
2031-12-19,73.6985300109,73.129056873,5e-05
2031-12-22,72.8627958288,72.456096365,5e-05
2031-12-23,72.9366432088,72.1754786288,5e-05
2031-12-24,72.3114489745,72.1587104208,5e-05
2031-12-25,72.4731596989,72.2997463074,5e-05
2031-12-26,72.5632720941,72.7828508331,5e-05
2031-12-29,72.4213559086,71.7535274517,5e-05
2031-12-30,72.0304982381,71.8243464368,5e-05
2031-12-31,71.7465746704,71.2453328806,5e-05
2032-01-01,71.1094065752,71.2221015882,5e-05
2032-01-02,71.9964793993,72.2164609153,5e-05
2032-01-05,72.3037424234,72.6222354269,5e-05
2032-01-06,73.2081750765,72.8423104097,5e-05
2032-01-07,73.0722059839,74.06505453,5e-05
2032-01-08,73.3274990588,74.1716609935,5e-05
2032-01-09,74.63086636,74.5026871654,5e-05
2032-01-12,74.2328141009,73.0333149156,5e-05
2032-01-13,72.6005754735,72.6244655215,5e-05
2032-01-14,73.0612725005,73.2115503684,5e-05
2032-01-15,73.511895023,74.2073471617,5e-05
2032-01-16,74.3183439826,74.9662945362,5e-05
2032-01-19,74.8020813025,73.3931458781,5e-05
2032-01-20,73.4494534717,73.3261097714,5e-05
2032-01-21,73.2081565245,73.0312963327,5e-05
2032-01-22,73.183200915,72.3682415593,5e-05
2032-01-23,71.6879290839,70.9879010164,5e-05
2032-01-26,71.0680071372,71.1351236758,5e-05
2032-01-27,70.7562154837,71.3111914581,5e-05
2032-01-28,71.3525979078,71.5899645273,5e-05
2032-01-29,71.7013508789,70.9840651203,5e-05
2032-01-30,70.6177000242,69.8292326153,5e-05
2032-02-02,69.8227881112,69.489017123,5e-05
2032-02-03,69.6679685525,69.1518376936,5e-05
2032-02-04,69.2114945093,69.6527652931,5e-05
2032-02-05,69.0824273764,69.2799672315,5e-05
2032-02-06,69.1450172646,68.5843111042,5e-05
2032-02-09,69.1218431828,69.2240810655,5e-05
2032-02-10,69.2968722099,70.0432323225,5e-05
2032-02-11,69.4824374107,69.4303363466,5e-05
2032-02-12,69.6500657181,69.6488301342,5e-05
2032-02-13,69.8377038765,69.7636062275,5e-05
2032-02-16,69.3301382005,69.041696725,5e-05
2032-02-17,69.3232735776,69.9777627222,5e-05
2032-02-18,70.5381658628,71.4794475989,5e-05
2032-02-19,71.7354115544,72.0342700896,5e-05
2032-02-20,71.4076587759,71.3679603801,5e-05
2032-02-23,71.5096657663,71.5371242053,5e-05
2032-02-24,72.0940716138,72.8606220503,5e-05
2032-02-25,73.9895780382,74.4135949595,5e-05
2032-02-26,74.5864707497,74.2822615678,5e-05
2032-02-27,73.7571194977,73.5621063872,5e-05
2032-03-01,74.0385880698,75.0429899818,5e-05
2032-03-02,75.2351107159,75.3430402792,5e-05
2032-03-03,74.8236089142,74.9551696241,5e-05
2032-03-04,75.2635950542,75.9356801803,5e-05
2032-03-05,76.3182799341,76.68570492,5e-05
2032-03-08,77.3070199533,77.3491019355,5e-05
2032-03-09,77.2662382001,77.2237168776,5e-05
2032-03-10,77.4919483198,77.966861734,5e-05
2032-03-11,78.3320669694,78.3178597509,5e-05
2032-03-12,78.021898626,77.5366743621,5e-05
2032-03-15,77.2618288118,76.6332142992,5e-05
2032-03-16,77.4028192688,77.4670328555,5e-05
2032-03-17,77.7764109275,76.7885398168,5e-05
2032-03-18,76.1307272275,75.9861943403,5e-05
2032-03-19,75.4630299176,76.1645714312,5e-05
2032-03-22,76.2840379317,76.4687337809,5e-05
2032-03-23,76.6877024478,76.0465346284,5e-05
2032-03-24,76.3994711885,76.5620766652,5e-05
2032-03-25,76.3635144111,75.6035451895,5e-05
2032-03-26,75.211468262,75.1944981652,5e-05
2032-03-29,74.9033466641,75.2106802614,5e-05
2032-03-30,74.7772705804,75.4677107302,5e-05
2032-03-31,76.471111467,76.1304941658,5e-05
2032-04-01,76.3785040773,76.650467475,5e-05
2032-04-02,76.2559383613,76.4156373478,5e-05
2032-04-05,76.4141795845,78.0459470911,5e-05
2032-04-06,77.4189224548,77.8244018803,5e-05
2032-04-07,77.5519742297,77.4640962668,5e-05
2032-04-08,76.4853434284,76.470858227,5e-05
2032-04-09,76.2340650004,76.2367754952,5e-05
2032-04-12,76.3977374771,76.5948197554,5e-05
2032-04-13,76.1602235644,75.487074235,5e-05
2032-04-14,75.5954904342,74.9734519498,5e-05
2032-04-15,74.9288695698,74.3946754039,5e-05
2032-04-16,75.0562229831,74.8307116153,5e-05
2032-04-19,74.9137329414,75.5968669552,5e-05
2032-04-20,75.6007222703,76.0178798946,5e-05
2032-04-21,76.0359429417,76.4581803302,5e-05
2032-04-22,77.258198507,77.1381147879,5e-05
2032-04-23,77.1748688679,76.3501967777,5e-05
2032-04-26,76.708013527,76.6577455775,5e-05
2032-04-27,77.1012174873,77.6352177696,5e-05
2032-04-28,77.9640381155,77.5240581698,5e-05
2032-04-29,77.254718446,77.7687646955,5e-05
2032-04-30,77.8889617737,78.7212460228,5e-05
2032-05-03,79.2783291834,79.3510436774,5e-05
2032-05-04,79.5516785663,78.7723465319,5e-05
2032-05-05,78.7114928168,79.0394271697,5e-05
2032-05-06,79.0187832112,79.2283833026,5e-05
2032-05-07,79.7995204268,80.4411231924,5e-05
2032-05-10,80.7228122556,80.7319373998,5e-05
2032-05-11,80.2197636497,80.5471287948,5e-05
2032-05-12,80.4570553736,80.6279880955,5e-05
2032-05-13,80.5513925064,80.8678503276,5e-05
2032-05-14,81.4423154231,81.5579119086,5e-05
2032-05-17,80.9946022326,79.7366722665,5e-05
2032-05-18,79.5308096878,79.2723875661,5e-05
2032-05-19,78.8916122061,78.7372045032,5e-05
2032-05-20,79.6371843526,80.2678723333,5e-05
2032-05-21,80.5886609225,81.3427921675,5e-05
2032-05-24,81.8347441524,80.9527041536,5e-05
2032-05-25,80.5936106744,80.0519212777,5e-05
2032-05-26,79.8638666916,80.1123798229,5e-05
2032-05-27,80.6107643483,80.5534464196,5e-05
2032-05-28,80.4364245699,81.4029106316,5e-05
2032-05-31,81.397140169,82.5581340727,5e-05
2032-06-01,82.3447943221,81.79663374,5e-05
2032-06-02,81.782529481,81.9751470497,5e-05
2032-06-03,81.8892988365,81.8604371844,5e-05
2032-06-04,81.322667053,81.8642539405,5e-05
2032-06-07,82.2381579849,82.000955376,5e-05
2032-06-08,81.7868453045,82.4821909969,5e-05
2032-06-09,81.9671855482,80.5436045129,5e-05
2032-06-10,80.5172094404,80.6062298856,5e-05
2032-06-11,79.7730828433,79.9343798312,5e-05
2032-06-14,80.2666565919,80.0264185936,5e-05
2032-06-15,80.2593750298,79.9601660432,5e-05
2032-06-16,79.301004907,79.9288015352,5e-05
2032-06-17,80.3469901521,79.6282648988,5e-05
2032-06-18,79.5265479949,80.2341155514,5e-05
2032-06-21,80.8647740928,81.3826895242,5e-05
2032-06-22,80.6698552852,81.260272937,5e-05
2032-06-23,81.3706838174,81.2617648715,5e-05
2032-06-24,81.3574385098,80.6301634904,5e-05
2032-06-25,80.6407233693,81.4886199163,5e-05
2032-06-28,81.0655237464,81.5146346368,5e-05
2032-06-29,81.8310588323,81.2883154737,5e-05
2032-06-30,81.6222121135,82.4096958561,5e-05
2032-07-01,82.1391381401,82.0255644663,5e-05
2032-07-02,82.3433414188,81.7131791262,5e-05
2032-07-05,82.1291445108,82.9763127396,5e-05
2032-07-06,83.7761356845,84.429699318,5e-05
2032-07-07,84.0533110057,84.4514570929,5e-05
2032-07-08,85.0427365549,86.198607194,5e-05
2032-07-09,85.6667478057,85.4583459244,5e-05
2032-07-12,85.3797436558,84.987927977,5e-05
2032-07-13,85.0848249105,86.0495355074,5e-05
2032-07-14,85.2289304321,84.89041108,5e-05
2032-07-15,84.5877756085,86.0247958031,5e-05
2032-07-16,85.1966264523,84.8367670636,5e-05
2032-07-19,85.5806556535,84.4344622186,5e-05
2032-07-20,84.6159548468,84.3308742505,5e-05
2032-07-21,84.1896809223,85.5363319591,5e-05
2032-07-22,85.586243902,85.9436658839,5e-05
2032-07-23,85.7165765032,87.3084093099,5e-05
2032-07-26,87.6365698398,87.8099343856,5e-05
2032-07-27,87.9190540781,89.1602587188,5e-05
2032-07-28,89.3401837227,89.2011839649,5e-05
2032-07-29,89.0396362866,89.5742581127,5e-05
2032-07-30,89.7167783328,90.885722045,5e-05
2032-08-02,91.9354476914,92.5502049675,5e-05
2032-08-03,91.5250895721,91.4259920082,5e-05
2032-08-04,91.3413131073,91.9702626022,5e-05
2032-08-05,92.2471533831,93.7650055308,5e-05
2032-08-06,93.4542202352,94.2997202898,5e-05
2032-08-09,93.9709740779,93.9243452743,5e-05
2032-08-10,94.3455921285,94.6761702964,5e-05
2032-08-11,94.5129769308,94.4473044365,5e-05
2032-08-12,94.7276488558,94.6525983003,5e-05
2032-08-13,94.1382481407,94.6011130879,5e-05
2032-08-16,94.061028045,93.5542901263,5e-05
2032-08-17,94.0386555838,92.817606874,5e-05
2032-08-18,92.7049092839,93.2777407587,5e-05
2032-08-19,93.5788588267,94.1048545227,5e-05
2032-08-20,93.4169900135,93.1985286444,5e-05
2032-08-23,92.6671498349,93.112447636,5e-05
2032-08-24,93.5101916825,94.319860224,5e-05
2032-08-25,94.9207967169,95.1394173433,5e-05
2032-08-26,94.6529559538,93.8584606611,5e-05
2032-08-27,92.9075441223,91.534264741,5e-05
2032-08-30,91.9511219075,91.6927170153,5e-05
2032-08-31,91.1725576805,90.4099800224,5e-05
2032-09-01,90.8676826872,91.1461547864,5e-05
2032-09-02,91.4393402901,91.9862001307,5e-05
2032-09-03,91.3917495077,92.0496524613,5e-05
2032-09-06,92.5134724318,93.4368192679,5e-05
2032-09-07,93.6316057862,92.3459996861,5e-05
2032-09-08,93.0641483849,93.5646061756,5e-05
2032-09-09,94.0552340403,94.3887674314,5e-05
2032-09-10,93.8390869409,94.4425172084,5e-05
2032-09-13,94.241675004,94.1775450552,5e-05
2032-09-14,94.7018318417,94.290241337,5e-05
2032-09-15,93.8072680612,94.1942670154,5e-05
2032-09-16,93.9690416302,94.4520367923,5e-05
2032-09-17,94.4792058787,93.4858404778,5e-05
2032-09-20,93.228456513,92.3170006605,5e-05
2032-09-21,92.1049455294,91.6348388453,5e-05
2032-09-22,91.789135664,90.7936671582,5e-05
2032-09-23,91.0865600063,90.8850064043,5e-05
2032-09-24,91.4705317056,92.5330069885,5e-05
2032-09-27,93.480812654,94.3975487328,5e-05
2032-09-28,93.9876938927,94.2461571325,5e-05
2032-09-29,94.005030778,93.4452550607,5e-05
2032-09-30,92.1385789256,92.4219430595,5e-05
2032-10-01,93.6675962801,93.2289884961,5e-05
2032-10-04,92.721587289,93.1072320898,5e-05
2032-10-05,93.2129368436,93.6432989807,5e-05
2032-10-06,93.5844978678,92.7251737497,5e-05
2032-10-07,92.872737106,93.0390143083,5e-05
2032-10-08,92.6445041914,93.225854538,5e-05
2032-10-11,92.3385413349,92.360763293,5e-05
2032-10-12,91.9800994017,90.9926806476,5e-05
2032-10-13,90.9078570207,90.7737749926,5e-05
2032-10-14,90.5355221198,91.1486034388,5e-05
2032-10-15,91.532653947,92.204253911,5e-05
2032-10-18,92.0579987045,93.2325665331,5e-05
2032-10-19,93.010144058,92.9431509362,5e-05
2032-10-20,92.4319884059,93.2432346169,5e-05
2032-10-21,93.8450637863,93.6541204286,5e-05
2032-10-22,93.9997717926,93.1922848945,5e-05
2032-10-25,93.055170667,92.5468782051,5e-05
2032-10-26,92.2439400393,94.0136524291,5e-05
2032-10-27,94.3916757679,94.6284233664,5e-05
2032-10-28,95.3260712049,95.6759384536,5e-05
2032-10-29,95.9539992168,96.5068692275,5e-05
2032-11-01,97.6314681584,98.2741273456,5e-05
2032-11-02,98.852801286,99.8124915418,5e-05
2032-11-03,100.330437955,100.881721617,5e-05
2032-11-04,101.118530129,101.738295438,5e-05
2032-11-05,102.625492396,104.351825402,5e-05
2032-11-08,104.872791966,105.489301393,5e-05
2032-11-09,105.391049253,105.936613324,5e-05
2032-11-10,106.091283652,106.99007258,5e-05
2032-11-11,107.241282739,107.970117201,5e-05
2032-11-12,107.577250106,106.774416686,5e-05
2032-11-15,106.60993703,105.391565315,5e-05
2032-11-16,105.925267459,105.914923385,5e-05
2032-11-17,105.575181384,105.591073043,5e-05
2032-11-18,105.313435857,105.815353916,5e-05
2032-11-19,105.399873101,105.755163353,5e-05
2032-11-22,106.324668091,107.432553758,5e-05
2032-11-23,107.587012934,107.596162534,5e-05
2032-11-24,107.867628372,108.472857311,5e-05
2032-11-25,109.413327445,108.442091943,5e-05
2032-11-26,107.889475875,108.418012067,5e-05
2032-11-29,107.618071752,108.469838587,5e-05
2032-11-30,108.708583251,110.179814027,5e-05
2032-12-01,110.630180472,110.4758956,5e-05
2032-12-02,110.511559313,110.050189223,5e-05
2032-12-03,110.093597412,108.34163552,5e-05
2032-12-06,107.21070463,105.227452033,5e-05
2032-12-07,105.661118909,106.431956603,5e-05
2032-12-08,106.375584696,106.558304631,5e-05
2032-12-09,105.605794599,105.402809266,5e-05
2032-12-10,106.465533767,107.414939077,5e-05
2032-12-13,107.850109586,108.896108619,5e-05
2032-12-14,108.783109496,108.91689193,5e-05
2032-12-15,108.861812221,109.592104793,5e-05
2032-12-16,110.135470883,109.034094239,5e-05
2032-12-17,107.764660895,108.973899423,5e-05
2032-12-20,109.140433853,108.35009651,5e-05
2032-12-21,108.292870742,108.44740326,5e-05
2032-12-22,108.269473254,107.770839993,5e-05
2032-12-23,108.537185583,108.226768137,5e-05
2032-12-24,108.59594739,109.594179106,5e-05
2032-12-27,109.295597965,107.989880865,5e-05
2032-12-28,108.443031389,109.124860226,5e-05
2032-12-29,109.598834833,109.265412519,5e-05
2032-12-30,109.605870977,108.936519163,5e-05
2032-12-31,109.255050282,108.839270663,5e-05
2033-01-03,109.104794072,110.40028986,5e-05
2033-01-04,111.093217863,111.574362092,5e-05
2033-01-05,112.159216831,111.707997906,5e-05
2033-01-06,110.721945079,110.150441299,5e-05
2033-01-07,109.688186401,109.141578301,5e-05
2033-01-10,108.547455842,108.962507849,5e-05
2033-01-11,108.956263768,107.168558426,5e-05
2033-01-12,107.011277403,107.19053533,5e-05
2033-01-13,107.296075979,107.271742504,5e-05
2033-01-14,107.669886078,107.182201435,5e-05
2033-01-17,107.760331317,108.041660798,5e-05
2033-01-18,108.41251466,107.973028569,5e-05
2033-01-19,108.098468724,109.122131936,5e-05
2033-01-20,109.38129669,109.265892615,5e-05
2033-01-21,109.780649118,111.042887043,5e-05
2033-01-24,111.579693953,112.550837068,5e-05
2033-01-25,113.177240988,113.883295951,5e-05
2033-01-26,114.121937644,114.791726045,5e-05
2033-01-27,115.601184574,116.237193079,5e-05
2033-01-28,115.275443381,115.956089215,5e-05
2033-01-31,116.568156308,115.978461226,5e-05
2033-02-01,116.115097624,116.92217041,5e-05
2033-02-02,115.942836248,115.278874446,5e-05
2033-02-03,115.448260356,115.253993259,5e-05
2033-02-04,116.13582934,115.577349486,5e-05
2033-02-07,114.315119541,112.914276211,5e-05
2033-02-08,113.184207615,111.777919526,5e-05
2033-02-09,112.282695831,112.871973284,5e-05
2033-02-10,112.403798688,111.687584756,5e-05
2033-02-11,111.552464201,110.861164853,5e-05
2033-02-14,110.439448788,109.70711668,5e-05
2033-02-15,110.135707128,110.694982079,5e-05
2033-02-16,110.673429492,109.949784587,5e-05
2033-02-17,110.414597151,109.857717769,5e-05
2033-02-18,109.794185707,110.269781847,5e-05
2033-02-21,110.150748562,108.545685397,5e-05
2033-02-22,108.374492642,107.333488871,5e-05
2033-02-23,107.881156671,108.526679457,5e-05
2033-02-24,108.649099519,107.052487617,5e-05
2033-02-25,107.550241517,106.328155979,5e-05
2033-02-28,107.044350771,109.239805619,5e-05
2033-03-01,109.573768846,110.278232264,5e-05
2033-03-02,110.591804278,112.3854001,5e-05
2033-03-03,111.753737379,110.78808006,5e-05
2033-03-04,110.224535703,109.711330987,5e-05
2033-03-07,109.062308311,108.925905369,5e-05
2033-03-08,109.019518213,109.973198199,5e-05
2033-03-09,109.687394509,109.072856139,5e-05
2033-03-10,109.85671842,110.017437219,5e-05
2033-03-11,110.272179111,110.13724823,5e-05
2033-03-14,110.196544871,110.43827196,5e-05
2033-03-15,109.664943431,109.208160571,5e-05
2033-03-16,109.626244583,108.439836382,5e-05
2033-03-17,108.313897312,107.603665362,5e-05
2033-03-18,106.635889783,105.500491845,5e-05
2033-03-21,105.618288277,106.231406412,5e-05
2033-03-22,106.113297684,106.587400923,5e-05
2033-03-23,107.18550575,107.041861008,5e-05
2033-03-24,107.08805535,106.573475126,5e-05
2033-03-25,106.315027725,104.879089507,5e-05
2033-03-28,105.335427124,104.600582643,5e-05
2033-03-29,104.932423722,105.097960492,5e-05
2033-03-30,105.440477485,105.919344649,5e-05
2033-03-31,106.447794802,104.931687951,5e-05
2033-04-01,105.059125747,105.552203597,5e-05
2033-04-04,106.153647664,106.132114217,5e-05
2033-04-05,106.312187926,106.734406431,5e-05
2033-04-06,107.282199446,108.280266029,5e-05
2033-04-07,108.544234246,107.516795877,5e-05
2033-04-08,107.450055642,107.231727055,5e-05
2033-04-11,106.79869214,105.948328534,5e-05
2033-04-12,105.007106852,103.522058521,5e-05
2033-04-13,103.579063727,102.319502965,5e-05
2033-04-14,102.501005696,102.378341753,5e-05
2033-04-15,102.63188743,103.434967975,5e-05
2033-04-18,103.995539998,103.359681213,5e-05
2033-04-19,103.800556609,103.26992796,5e-05
2033-04-20,104.190109672,105.411231104,5e-05
2033-04-21,105.759099407,105.936256019,5e-05
2033-04-22,106.399498059,106.039747778,5e-05
2033-04-25,106.059818795,105.898347128,5e-05
2033-04-26,106.659190236,108.792731691,5e-05
2033-04-27,108.82208965,108.655618551,5e-05
2033-04-28,108.649310606,108.05215469,5e-05
2033-04-29,108.259527325,108.696783481,5e-05
2033-05-02,108.366619676,108.490874747,5e-05
2033-05-03,108.692388359,108.745375189,5e-05
2033-05-04,108.937721915,108.425237632,5e-05
2033-05-05,108.35040698,107.265700897,5e-05
2033-05-06,107.012447825,107.792419623,5e-05
2033-05-09,107.120440011,106.422716896,5e-05
2033-05-10,105.723704771,105.286251968,5e-05
2033-05-11,105.520590619,105.821383283,5e-05
2033-05-12,106.005724298,105.450458876,5e-05
2033-05-13,105.968435276,104.531256122,5e-05
2033-05-16,103.986786655,103.685738177,5e-05
2033-05-17,103.650776344,103.285315314,5e-05
2033-05-18,103.205622021,103.914934894,5e-05
2033-05-19,104.567589421,106.166171747,5e-05
2033-05-20,105.562051854,105.143695958,5e-05
2033-05-23,105.280642275,105.070224576,5e-05
2033-05-24,105.876928308,104.771142635,5e-05
2033-05-25,104.304791096,104.168736783,5e-05
2033-05-26,104.327959833,105.96166205,5e-05
2033-05-27,105.164681426,104.95312648,5e-05
2033-05-30,105.472863104,104.700793153,5e-05
2033-05-31,103.537270576,102.696277603,5e-05
2033-06-01,102.007243457,102.904020213,5e-05
2033-06-02,103.78138034,102.875393583,5e-05
2033-06-03,104.09966703,103.320388454,5e-05
2033-06-06,103.81968089,105.554722537,5e-05
2033-06-07,105.203917586,105.902604481,5e-05
2033-06-08,106.665687641,106.438953856,5e-05
2033-06-09,106.068562519,105.882972792,5e-05
2033-06-10,105.876489731,106.532517576,5e-05
2033-06-13,107.277221367,106.618512423,5e-05
2033-06-14,106.022668256,106.409291214,5e-05
2033-06-15,105.959719029,106.0509974,5e-05
2033-06-16,106.4700736,105.283745154,5e-05
2033-06-17,105.184497426,107.494672411,5e-05
2033-06-20,106.663080137,106.82909081,5e-05
2033-06-21,106.335839695,105.090871784,5e-05
2033-06-22,104.118620486,103.461596558,5e-05
2033-06-23,103.647889057,103.280546747,5e-05
2033-06-24,102.704474173,101.180596455,5e-05
2033-06-27,101.362889475,99.628583741,5e-05
2033-06-28,99.288615281,99.2414536489,5e-05
2033-06-29,99.114987409,99.165404994,5e-05
2033-06-30,99.6763610377,99.9663013966,5e-05
2033-07-01,99.4645091956,99.4183136552,5e-05
2033-07-04,99.2118581571,99.3386294186,5e-05
2033-07-05,98.3444034621,100.02109808,5e-05
2033-07-06,100.747864955,100.95652441,5e-05
2033-07-07,99.9858377613,101.11060418,5e-05
2033-07-08,101.528848892,102.324387229,5e-05
2033-07-11,102.633645066,103.266596167,5e-05
2033-07-12,103.605630467,104.123042073,5e-05
2033-07-13,103.901462435,103.21799878,5e-05
2033-07-14,103.923120535,103.094228097,5e-05
2033-07-15,101.598319636,102.64247929,5e-05
2033-07-18,102.764340345,102.965661875,5e-05
2033-07-19,102.585118474,103.453817078,5e-05
2033-07-20,104.253933579,103.814091453,5e-05
2033-07-21,103.093174476,102.594425688,5e-05
2033-07-22,102.12677675,102.558558116,5e-05
2033-07-25,102.309394697,101.689891854,5e-05
2033-07-26,102.598541204,102.895541697,5e-05
2033-07-27,102.188666883,101.920244436,5e-05
2033-07-28,101.858139639,101.296142159,5e-05
2033-07-29,100.91779799,102.649471651,5e-05
2033-08-01,102.779107713,103.048947148,5e-05
2033-08-02,103.32847124,102.768132752,5e-05
2033-08-03,103.125438892,103.666691321,5e-05
2033-08-04,103.992483684,103.847620054,5e-05
2033-08-05,103.32788664,103.675621926,5e-05
2033-08-08,104.472008415,104.477614063,5e-05
2033-08-09,104.230109133,105.091268829,5e-05
2033-08-10,105.298464502,105.072559557,5e-05
2033-08-11,104.99726982,105.323384728,5e-05
2033-08-12,104.710689814,104.59417011,5e-05
2033-08-15,104.661958563,105.721950016,5e-05
2033-08-16,105.62289011,107.356047796,5e-05
2033-08-17,106.230254926,106.332447012,5e-05
2033-08-18,107.407547237,107.929478459,5e-05
2033-08-19,107.725301128,107.121488951,5e-05
2033-08-22,107.160854997,107.704577475,5e-05
2033-08-23,107.81149859,108.236350166,5e-05
2033-08-24,109.065692554,109.341846846,5e-05
2033-08-25,108.906895913,110.585156386,5e-05
2033-08-26,110.426930693,110.956157453,5e-05
2033-08-29,111.64888185,111.903227613,5e-05
2033-08-30,112.084277448,112.506137401,5e-05
2033-08-31,112.874962114,112.801186893,5e-05
2033-09-01,111.921285952,112.963890712,5e-05
2033-09-02,113.316977074,112.065463323,5e-05
2033-09-05,112.259714696,113.318804,5e-05
2033-09-06,112.615079702,114.395744886,5e-05
2033-09-07,114.573403862,112.395673954,5e-05
2033-09-08,112.272231789,112.071311026,5e-05
2033-09-09,111.240668018,112.721209645,5e-05
2033-09-12,112.407564506,111.986725545,5e-05
2033-09-13,111.221758042,110.123768851,5e-05
2033-09-14,110.044625882,110.931948953,5e-05
2033-09-15,111.252551231,109.812308406,5e-05
2033-09-16,109.737720106,110.553089737,5e-05
2033-09-19,110.507803576,109.778199246,5e-05
2033-09-20,109.768480099,109.508319471,5e-05
2033-09-21,109.800697369,109.865127104,5e-05
2033-09-22,110.813256497,110.318981541,5e-05
2033-09-23,110.212199079,109.546101868,5e-05
2033-09-26,109.593420008,109.730667952,5e-05
2033-09-27,109.026147533,108.705153039,5e-05
2033-09-28,107.456841724,106.870783172,5e-05
2033-09-29,107.054362703,107.987574714,5e-05
2033-09-30,108.230989162,107.826379584,5e-05
2033-10-03,108.137442581,108.312216723,5e-05
2033-10-04,108.726316949,109.564847313,5e-05
2033-10-05,108.798682976,108.156288131,5e-05
2033-10-06,108.341699219,107.224339505,5e-05
2033-10-07,106.94798699,105.51171782,5e-05
2033-10-10,104.74525606,104.56177891,5e-05
2033-10-11,104.651108778,104.453974546,5e-05
2033-10-12,104.21207669,106.078033181,5e-05
2033-10-13,106.283820625,105.384532941,5e-05
2033-10-14,105.52386693,105.767354646,5e-05
2033-10-17,105.083832323,106.084793785,5e-05
2033-10-18,106.679078612,107.086716716,5e-05
2033-10-19,107.227231301,108.28202748,5e-05
2033-10-20,109.413547181,111.029785027,5e-05
2033-10-21,111.192983549,110.070437655,5e-05
2033-10-24,109.52098704,107.618834279,5e-05
2033-10-25,107.773634533,107.252998119,5e-05
2033-10-26,106.840728509,107.980842336,5e-05
2033-10-27,107.335802291,107.833392243,5e-05
2033-10-28,107.998550591,108.474840103,5e-05
2033-10-31,108.157590066,108.398321759,5e-05
2033-11-01,108.468392168,108.928362023,5e-05
2033-11-02,109.174186974,107.781483954,5e-05
2033-11-03,108.863909802,110.300527846,5e-05
2033-11-04,110.385957805,110.756631283,5e-05
2033-11-07,111.276343069,110.669698361,5e-05
2033-11-08,111.278094073,111.650931972,5e-05
2033-11-09,112.11064112,112.757620957,5e-05
2033-11-10,113.364861861,111.868787784,5e-05
2033-11-11,112.28206087,112.866100662,5e-05
2033-11-14,112.938503435,111.95304172,5e-05
2033-11-15,111.329069145,110.272717043,5e-05
2033-11-16,109.607460971,109.911850368,5e-05
2033-11-17,109.787864739,108.280591344,5e-05
2033-11-18,107.52388488,107.970780995,5e-05
2033-11-21,107.936436764,108.624137681,5e-05
2033-11-22,108.024975803,106.96511045,5e-05
2033-11-23,106.462368512,105.764072682,5e-05
2033-11-24,104.69564164,105.216683769,5e-05
2033-11-25,105.670178268,105.721236958,5e-05
2033-11-28,105.137768016,105.867002401,5e-05
2033-11-29,105.369406629,105.167095558,5e-05
2033-11-30,105.862488198,105.158651199,5e-05
2033-12-01,105.783091178,105.98257242,5e-05
2033-12-02,105.946353366,105.407186304,5e-05
2033-12-05,105.63375214,105.938248692,5e-05
2033-12-06,106.083484128,105.091584502,5e-05
2033-12-07,104.611212044,105.139148568,5e-05
2033-12-08,104.693157019,104.418945164,5e-05
2033-12-09,103.762648896,103.528297138,5e-05
2033-12-12,103.098525136,104.014015064,5e-05
2033-12-13,104.242341024,103.998278951,5e-05
2033-12-14,103.93044798,105.018910859,5e-05
2033-12-15,105.561657373,106.591403414,5e-05
2033-12-16,107.308311075,107.851051883,5e-05
2033-12-19,107.432126623,105.082166891,5e-05
2033-12-20,104.795381834,105.913225548,5e-05
2033-12-21,105.819764702,105.829052607,5e-05
2033-12-22,105.510879146,105.741673226,5e-05
2033-12-23,105.327221566,105.373591742,5e-05
2033-12-26,105.085704036,104.33735921,5e-05
2033-12-27,103.826823742,105.246312857,5e-05
2033-12-28,105.138865652,104.746742074,5e-05
2033-12-29,104.99743561,103.966951135,5e-05
2033-12-30,104.30870948,106.239646537,5e-05
2034-01-02,106.178925128,106.961513767,5e-05
2034-01-03,106.768016009,105.700745492,5e-05
2034-01-04,106.048292692,105.31169825,5e-05
2034-01-05,105.919359256,105.870565128,5e-05
2034-01-06,106.110332582,106.320708549,5e-05
2034-01-09,106.697054121,107.055020986,5e-05
2034-01-10,107.201506477,106.975890848,5e-05
2034-01-11,107.188249572,107.407070069,5e-05
2034-01-12,107.162178555,107.261026924,5e-05
2034-01-13,106.38255812,107.203799632,5e-05
2034-01-16,108.039035058,108.638997971,5e-05
2034-01-17,109.253935,108.722150797,5e-05
2034-01-18,108.90038673,108.294029224,5e-05
2034-01-19,108.800046968,108.123833334,5e-05
2034-01-20,107.494740197,107.332043825,5e-05
2034-01-23,107.37321345,106.355282894,5e-05
2034-01-24,106.597861535,106.052775826,5e-05
2034-01-25,105.915862301,104.342863833,5e-05
2034-01-26,104.090403418,102.788090542,5e-05
2034-01-27,102.640697159,101.909187585,5e-05
2034-01-30,102.624594107,101.857280238,5e-05
2034-01-31,102.237655167,103.074735138,5e-05
2034-02-01,102.653867663,104.082911622,5e-05
2034-02-02,104.189625065,106.093637755,5e-05
2034-02-03,105.755033405,106.067148521,5e-05
2034-02-06,106.282477759,106.048945899,5e-05
2034-02-07,105.652853744,105.310880773,5e-05
2034-02-08,105.277735536,104.176706265,5e-05
2034-02-09,104.303887205,104.874194096,5e-05
2034-02-10,104.926075156,104.023307591,5e-05
2034-02-13,104.189520269,103.554160062,5e-05
2034-02-14,103.506574333,102.226174351,5e-05
2034-02-15,101.652398648,101.479781851,5e-05
2034-02-16,101.185698427,100.247220381,5e-05
2034-02-17,99.5521584815,98.5264611286,5e-05
2034-02-20,99.7278392683,99.4472740755,5e-05
2034-02-21,99.5416612575,99.9910204187,5e-05
2034-02-22,100.378204063,100.205276537,5e-05
2034-02-23,100.152401054,101.090243794,5e-05
2034-02-24,101.144361774,101.038984336,5e-05
2034-02-27,101.95466403,101.722093266,5e-05
2034-02-28,101.979936474,102.162312974,5e-05
2034-03-01,102.401951283,104.492533311,5e-05
2034-03-02,104.883032108,105.581628587,5e-05
2034-03-03,105.961549894,107.760888402,5e-05
2034-03-06,107.69730112,107.654137073,5e-05
2034-03-07,107.747385258,107.47814302,5e-05
2034-03-08,106.908104745,106.104849814,5e-05
2034-03-09,105.791783659,104.142399792,5e-05
2034-03-10,104.232765046,104.877957548,5e-05
2034-03-13,104.059841188,104.742250826,5e-05
2034-03-14,105.589387178,105.667861156,5e-05
2034-03-15,105.757260862,105.900175656,5e-05
2034-03-16,105.71044296,104.966635928,5e-05
2034-03-17,104.391887687,104.476487003,5e-05
2034-03-20,105.252335226,104.482163878,5e-05
2034-03-21,104.556399569,105.595292864,5e-05
2034-03-22,105.816886382,105.510958374,5e-05
2034-03-23,105.762575252,106.851222098,5e-05
2034-03-24,106.471254041,107.227393414,5e-05
2034-03-27,107.020604159,105.845126969,5e-05
2034-03-28,105.512228047,106.314985603,5e-05
2034-03-29,105.186572131,104.52242968,5e-05
2034-03-30,105.129542886,104.777718906,5e-05
2034-03-31,105.681674803,105.061847214,5e-05
2034-04-03,104.902593738,105.309456292,5e-05
2034-04-04,105.86659695,105.653272506,5e-05
2034-04-05,105.849176222,106.984266637,5e-05
2034-04-06,107.01782087,107.806531946,5e-05
2034-04-07,107.805118462,107.788034339,5e-05
2034-04-10,107.895791089,108.287585848,5e-05
2034-04-11,108.098645386,107.62131828,5e-05
2034-04-12,107.580684011,108.267037761,5e-05
2034-04-13,108.342491793,110.49082237,5e-05
2034-04-14,110.081348022,109.668473586,5e-05
2034-04-17,108.855072982,108.430756523,5e-05
2034-04-18,108.152233786,108.010247896,5e-05
2034-04-19,108.243109829,109.384631169,5e-05
2034-04-20,110.025060404,109.640973686,5e-05
2034-04-21,109.287731585,107.46750467,5e-05
2034-04-24,106.725549152,107.178578874,5e-05
2034-04-25,107.519217103,106.632463396,5e-05
2034-04-26,106.94910642,107.684627051,5e-05
2034-04-27,107.493097981,106.178262195,5e-05
2034-04-28,106.464207741,105.572691096,5e-05
2034-05-01,104.90301659,105.236159266,5e-05
2034-05-02,104.398927329,104.033126037,5e-05
2034-05-03,103.936089981,103.275691549,5e-05
2034-05-04,103.202076672,103.724067719,5e-05
2034-05-05,102.578622524,103.540151296,5e-05
2034-05-08,103.291138415,103.636239777,5e-05
2034-05-09,103.131119332,102.948536958,5e-05
2034-05-10,103.761347213,104.614588997,5e-05
2034-05-11,104.138403492,104.368847977,5e-05
2034-05-12,104.56019715,103.340153924,5e-05
2034-05-15,104.447527786,104.586009694,5e-05
2034-05-16,104.757581674,104.826725486,5e-05
2034-05-17,104.953756114,105.430018844,5e-05
2034-05-18,104.755875431,105.256652123,5e-05
2034-05-19,104.770259025,104.308734986,5e-05
2034-05-22,105.179713181,104.060519715,5e-05
2034-05-23,104.751068913,105.159184801,5e-05
2034-05-24,105.603434545,105.988688934,5e-05
2034-05-25,105.562464232,106.014419252,5e-05
2034-05-26,105.902081147,105.718090654,5e-05
2034-05-29,105.951187201,105.560397488,5e-05
2034-05-30,105.409039575,105.396138372,5e-05
2034-05-31,105.017280782,104.286768003,5e-05
2034-06-01,103.93390808,105.667099183,5e-05
2034-06-02,105.506879521,105.845561887,5e-05
2034-06-05,105.996971517,104.812282824,5e-05
2034-06-06,104.516501723,104.566373967,5e-05
2034-06-07,104.818174651,104.552329057,5e-05
2034-06-08,105.375111361,105.000403077,5e-05
2034-06-09,104.601729197,105.09559223,5e-05
2034-06-12,104.672411211,103.262104876,5e-05
2034-06-13,103.448152994,104.635940716,5e-05
2034-06-14,104.523762547,104.025579722,5e-05
2034-06-15,104.781250086,104.698029655,5e-05
2034-06-16,104.324422611,103.783264149,5e-05
2034-06-19,104.985230771,104.398551363,5e-05
2034-06-20,104.731548204,105.023617109,5e-05
2034-06-21,106.040490201,105.348591846,5e-05
2034-06-22,105.263564518,102.671360117,5e-05
2034-06-23,102.373752088,102.909874124,5e-05
2034-06-26,103.587745272,104.395072289,5e-05
2034-06-27,105.033856575,107.2692089,5e-05
2034-06-28,107.76324965,108.27012526,5e-05
2034-06-29,108.923374552,110.220088299,5e-05
2034-06-30,110.727175388,109.870182871,5e-05
2034-07-03,110.932411209,110.485734898,5e-05
2034-07-04,110.362345832,110.100492668,5e-05
2034-07-05,109.652675811,111.122181737,5e-05
2034-07-06,112.088927121,111.751343635,5e-05
2034-07-07,111.595564966,110.1807962,5e-05
2034-07-10,110.055016763,112.467577758,5e-05
2034-07-11,112.776491452,113.346154663,5e-05
2034-07-12,113.056664647,111.941862299,5e-05
2034-07-13,112.144487311,113.105503916,5e-05
2034-07-14,113.870727038,112.455716558,5e-05
2034-07-17,112.219922937,112.143326557,5e-05
2034-07-18,112.437265757,110.261842623,5e-05
2034-07-19,110.862314541,109.940169977,5e-05
2034-07-20,110.589330613,109.130325232,5e-05
2034-07-21,109.898118965,110.76289539,5e-05
2034-07-24,111.039131159,111.217518518,5e-05
2034-07-25,111.580723926,111.592538585,5e-05
2034-07-26,111.813229775,111.291734461,5e-05
2034-07-27,111.30187369,111.993073948,5e-05
2034-07-28,112.500465703,112.341118118,5e-05
2034-07-31,111.650069436,112.287353659,5e-05
2034-08-01,111.308940202,111.495477651,5e-05
2034-08-02,110.987297312,112.901375682,5e-05
2034-08-03,112.69981251,111.0887555,5e-05
2034-08-04,111.059786268,110.743432858,5e-05
2034-08-07,110.359342946,110.175706913,5e-05
2034-08-08,110.627731555,109.666080582,5e-05
2034-08-09,109.811525883,109.478489905,5e-05
2034-08-10,108.823459192,109.694308003,5e-05
2034-08-11,110.191705538,108.700786059,5e-05
2034-08-14,108.504544415,109.21595028,5e-05
2034-08-15,109.094136628,110.209636502,5e-05
2034-08-16,109.513394284,110.565315385,5e-05
2034-08-17,110.545048003,109.854585746,5e-05
2034-08-18,109.863509517,110.758802536,5e-05
2034-08-21,109.445540024,110.236577551,5e-05
2034-08-22,109.821955324,110.089969512,5e-05
2034-08-23,109.906525463,110.304536427,5e-05
2034-08-24,110.725383477,110.720213195,5e-05
2034-08-25,110.532315138,110.51801421,5e-05
2034-08-28,110.637684023,111.106612857,5e-05
2034-08-29,110.326082329,109.296946879,5e-05
2034-08-30,109.533088835,109.293821326,5e-05
2034-08-31,108.669598076,109.323924493,5e-05
2034-09-01,109.360599256,110.27493509,5e-05
2034-09-04,110.215882757,111.933645151,5e-05
2034-09-05,111.742424607,112.2830023,5e-05
2034-09-06,112.411439512,111.886102406,5e-05
2034-09-07,111.933494024,111.570424637,5e-05
2034-09-08,111.957585079,112.112060531,5e-05
2034-09-11,112.798889163,114.597922878,5e-05
2034-09-12,115.288280517,116.23221597,5e-05
2034-09-13,117.651059661,116.898409208,5e-05
2034-09-14,117.995816842,119.200054557,5e-05
2034-09-15,119.531057774,119.674499274,5e-05
2034-09-18,119.137959197,120.3717793,5e-05
2034-09-19,120.943089582,121.111407648,5e-05
2034-09-20,121.42657378,119.074941709,5e-05
2034-09-21,118.94048997,120.379008153,5e-05
2034-09-22,120.082758935,120.122931416,5e-05
2034-09-25,119.908453243,119.816461179,5e-05
2034-09-26,118.790046186,118.577514342,5e-05
2034-09-27,118.361612722,117.973488813,5e-05
2034-09-28,117.63205878,116.957730611,5e-05
2034-09-29,117.161225078,117.406592596,5e-05
2034-10-02,118.052353815,117.64207427,5e-05
2034-10-03,117.354000305,116.970985642,5e-05
2034-10-04,117.441694782,117.437405673,5e-05
2034-10-05,117.826208529,117.716271118,5e-05
2034-10-06,118.07387107,119.321582888,5e-05
2034-10-09,119.600932176,120.411058969,5e-05
2034-10-10,120.238757439,120.361070397,5e-05
2034-10-11,120.487699454,119.938514574,5e-05
2034-10-12,118.78079728,118.621641426,5e-05
2034-10-13,118.85767281,119.225314547,5e-05
2034-10-16,119.362787457,119.745384691,5e-05
2034-10-17,119.746852621,119.000241918,5e-05
2034-10-18,119.123888465,118.549735946,5e-05
2034-10-19,118.756243558,118.824965583,5e-05
2034-10-20,118.406547,117.98784829,5e-05
2034-10-23,118.428598472,119.080855504,5e-05
2034-10-24,119.532134151,117.717160908,5e-05
2034-10-25,117.780161318,117.104700405,5e-05
2034-10-26,117.397969672,116.164953847,5e-05
2034-10-27,117.92509422,119.195829403,5e-05
2034-10-30,118.905441125,119.235927474,5e-05
2034-10-31,120.116493141,120.292567697,5e-05
2034-11-01,120.925392514,119.973858269,5e-05
2034-11-02,120.512845479,121.495598687,5e-05
2034-11-03,121.587493368,119.753580011,5e-05
2034-11-06,119.273799654,119.320638448,5e-05
2034-11-07,119.430728753,120.791416073,5e-05
2034-11-08,120.935203769,122.770167782,5e-05
2034-11-09,123.419494236,124.195595533,5e-05
2034-11-10,123.917608419,124.765311926,5e-05
2034-11-13,124.815503881,122.698773474,5e-05
2034-11-14,122.68624606,122.325048515,5e-05
2034-11-15,122.373241554,121.870539213,5e-05
2034-11-16,122.098884853,121.397147062,5e-05
2034-11-17,122.079394419,121.385209723,5e-05
2034-11-20,122.040750295,121.866479038,5e-05
2034-11-21,122.402818525,123.308225318,5e-05
2034-11-22,123.542544219,124.018793239,5e-05
2034-11-23,123.840769862,123.236639956,5e-05
2034-11-24,123.583023708,124.1526415,5e-05
2034-11-27,123.596352057,122.770525277,5e-05
2034-11-28,122.001839727,121.069196859,5e-05
2034-11-29,121.299541456,121.691101459,5e-05
2034-11-30,121.423933722,121.475030133,5e-05
2034-12-01,121.883225695,121.776432691,5e-05
2034-12-04,121.568617239,120.247535462,5e-05
2034-12-05,121.336179375,120.512591459,5e-05
2034-12-06,120.719932112,119.089131737,5e-05
2034-12-07,119.524667696,118.135843068,5e-05
2034-12-08,119.45365691,120.250268708,5e-05
2034-12-11,120.766247737,120.444222037,5e-05
2034-12-12,120.77735128,120.708366798,5e-05
2034-12-13,120.919635883,120.539165637,5e-05
2034-12-14,119.017327911,119.552336609,5e-05
2034-12-15,119.753728374,119.407248803,5e-05
2034-12-18,119.513360354,120.159576869,5e-05
2034-12-19,120.639604233,119.581723709,5e-05
2034-12-20,118.967428353,119.094181242,5e-05
2034-12-21,119.496272198,120.864166511,5e-05
2034-12-22,122.287914162,122.532500027,5e-05
2034-12-25,123.29235726,124.270753256,5e-05
2034-12-26,124.538677534,122.797240572,5e-05
2034-12-27,121.744061284,121.700499281,5e-05
2034-12-28,120.375767052,118.856041237,5e-05
2034-12-29,119.064265642,117.874068565,5e-05
2035-01-01,119.393347479,118.315110589,5e-05
2035-01-02,118.645569155,117.202270608,5e-05
2035-01-03,117.140802936,115.94729554,5e-05
2035-01-04,115.875905883,115.159369537,5e-05
2035-01-05,115.120738317,114.7537906,5e-05
2035-01-08,115.130858719,113.559238011,5e-05
2035-01-09,113.449084919,112.870594627,5e-05
2035-01-10,113.547838796,114.78112737,5e-05
2035-01-11,115.262381659,115.082854261,5e-05
2035-01-12,115.80794599,117.022694506,5e-05
2035-01-15,116.286906002,115.206620766,5e-05
2035-01-16,115.358333231,115.775065692,5e-05
2035-01-17,115.880046702,117.384074132,5e-05
2035-01-18,117.190555399,116.973219666,5e-05
2035-01-19,116.98803039,117.221936582,5e-05
2035-01-22,116.652863075,116.256893969,5e-05
2035-01-23,116.125258691,117.049249089,5e-05
2035-01-24,116.568469505,116.423035861,5e-05
2035-01-25,116.547447753,115.611037599,5e-05
2035-01-26,115.437962813,115.983963733,5e-05
2035-01-29,116.03584266,116.781498745,5e-05
2035-01-30,116.428940994,116.346527592,5e-05
2035-01-31,116.567598619,116.562502979,5e-05
2035-02-01,116.437071788,116.23259536,5e-05
2035-02-02,117.266442187,115.07344025,5e-05
2035-02-05,114.552696023,112.890141973,5e-05
2035-02-06,112.952328396,111.527058415,5e-05
2035-02-07,111.40951808,111.156628647,5e-05
2035-02-08,111.910973377,110.428253981,5e-05
2035-02-09,110.828168,111.924518108,5e-05
2035-02-12,111.212652728,112.059380113,5e-05
2035-02-13,111.970541681,112.701855155,5e-05
2035-02-14,113.079284709,115.265351941,5e-05
2035-02-15,115.225256733,113.895253562,5e-05
2035-02-16,112.490648571,112.473100503,5e-05
2035-02-19,112.834789062,112.303940182,5e-05
2035-02-20,111.838428254,112.363303124,5e-05
2035-02-21,112.738148124,113.139961129,5e-05
2035-02-22,112.743583512,114.135888296,5e-05
2035-02-23,114.75456422,114.590189169,5e-05
2035-02-26,114.257028696,111.917606997,5e-05
2035-02-27,112.620773409,113.335821696,5e-05
2035-02-28,112.507307977,112.532313395,5e-05
2035-03-01,113.393453929,113.097872584,5e-05
2035-03-02,113.173745304,113.04178302,5e-05
2035-03-05,112.79534034,113.698593954,5e-05
2035-03-06,114.09477525,115.119306862,5e-05
2035-03-07,114.223423556,113.687131883,5e-05
2035-03-08,113.607447866,112.418893359,5e-05
2035-03-09,112.205669936,112.328493125,5e-05
2035-03-12,111.623460158,108.832921778,5e-05
2035-03-13,108.654787023,108.957629191,5e-05
2035-03-14,109.482407048,110.2602633,5e-05
2035-03-15,111.259757103,110.864589485,5e-05
2035-03-16,110.391354214,109.936861112,5e-05
2035-03-19,110.626109112,110.213046842,5e-05
2035-03-20,111.095542054,110.412545527,5e-05
2035-03-21,110.406560223,111.960169582,5e-05
2035-03-22,112.549954239,110.227363632,5e-05
2035-03-23,110.037802238,110.60616784,5e-05
2035-03-26,110.475096524,108.914380957,5e-05
2035-03-27,109.075807475,108.396746518,5e-05
2035-03-28,108.1946144,108.824738693,5e-05
2035-03-29,108.596099297,107.550276064,5e-05
2035-03-30,108.023411526,107.862327905,5e-05
2035-04-02,107.220226867,108.496792301,5e-05
2035-04-03,108.679302112,108.375300307,5e-05
2035-04-04,108.429844671,108.538865237,5e-05
2035-04-05,109.201353615,109.083860305,5e-05
2035-04-06,108.78409734,108.557053507,5e-05
2035-04-09,108.235672331,107.207510687,5e-05
2035-04-10,107.41325196,107.327712179,5e-05
2035-04-11,106.35678784,107.001638836,5e-05
2035-04-12,106.680693667,107.242095603,5e-05
2035-04-13,107.097055301,108.592064558,5e-05
2035-04-16,109.817872276,110.640433179,5e-05
2035-04-17,110.920045592,110.99931371,5e-05
2035-04-18,110.473331424,111.681832507,5e-05
2035-04-19,111.749582332,111.876844695,5e-05
2035-04-20,111.861790268,109.750017859,5e-05
2035-04-23,109.524094418,108.710352151,5e-05
2035-04-24,108.524717996,108.435208434,5e-05
2035-04-25,108.43646012,108.839897832,5e-05
2035-04-26,109.081487725,108.476720804,5e-05
2035-04-27,107.560463922,106.112569029,5e-05
2035-04-30,106.279434066,106.704931886,5e-05
2035-05-01,106.481521406,106.834063032,5e-05
2035-05-02,107.787315323,108.220293207,5e-05
2035-05-03,108.688022255,107.999707523,5e-05
2035-05-04,107.747904389,106.286057932,5e-05
2035-05-07,106.367602755,106.110795759,5e-05
2035-05-08,106.201900147,106.250514775,5e-05
2035-05-09,106.738732999,106.259222067,5e-05
2035-05-10,106.728583635,107.004160027,5e-05
2035-05-11,106.637357141,105.93984042,5e-05
2035-05-14,106.054893937,105.668039508,5e-05
2035-05-15,104.389045937,102.811377399,5e-05
2035-05-16,103.216938245,103.973773672,5e-05
2035-05-17,103.872331547,102.8174542,5e-05
2035-05-18,102.399101436,101.994952904,5e-05
2035-05-21,101.596994272,101.346973585,5e-05
2035-05-22,102.424705972,101.362688749,5e-05
2035-05-23,101.575344611,101.404186119,5e-05
2035-05-24,101.16021752,101.472901828,5e-05
2035-05-25,101.922565264,102.811921741,5e-05
2035-05-28,103.010907033,101.756612533,5e-05
2035-05-29,100.758229399,99.6169875759,5e-05
2035-05-30,99.8864365644,99.1187873999,5e-05
2035-05-31,99.0672785788,98.0136467291,5e-05
2035-06-01,97.6255313084,96.2697585044,5e-05
2035-06-04,95.5716748512,94.7365461587,5e-05
2035-06-05,94.5567258735,92.9986454968,5e-05
2035-06-06,92.5747894914,93.2614041081,5e-05
2035-06-07,92.9144379935,94.1499608951,5e-05
2035-06-08,94.0366884341,94.566556437,5e-05
2035-06-11,93.9359349741,93.973025456,5e-05
2035-06-12,93.4574885374,94.7454159612,5e-05
2035-06-13,94.4266083598,93.3181664954,5e-05
2035-06-14,93.5120636102,92.3316604868,5e-05
2035-06-15,92.8747408061,92.7129278699,5e-05
2035-06-18,92.9309586077,93.6352343762,5e-05
2035-06-19,93.5599992833,93.3146701771,5e-05
2035-06-20,93.4671795768,93.1187482186,5e-05
2035-06-21,92.4641870714,92.3768825664,5e-05
2035-06-22,92.1439849033,91.5871921903,5e-05
2035-06-25,91.0086830813,92.2159938097,5e-05
2035-06-26,91.7840926169,92.2809613712,5e-05
2035-06-27,92.1534683299,91.782095036,5e-05
2035-06-28,91.523935212,92.0788262896,5e-05
2035-06-29,92.2481564887,91.9427881222,5e-05
2035-07-02,91.9486996196,90.9093136171,5e-05
2035-07-03,91.9067023238,91.8799526192,5e-05
2035-07-04,92.2420545417,92.1522167009,5e-05
2035-07-05,91.5486771523,92.7567209208,5e-05
2035-07-06,93.0724189781,92.5372617596,5e-05
2035-07-09,91.8758562879,91.3442330728,5e-05
2035-07-10,91.4384810927,91.9343467896,5e-05
2035-07-11,92.3654063483,93.0770548041,5e-05
2035-07-12,92.7861337344,92.287013835,5e-05
2035-07-13,92.499807381,93.072636324,5e-05
2035-07-16,93.6201764469,93.0864370183,5e-05
2035-07-17,92.8894608723,93.501971137,5e-05
2035-07-18,93.6481391987,92.8138860678,5e-05
2035-07-19,92.5969774244,93.8429843703,5e-05
2035-07-20,94.0478175629,95.4163464238,5e-05
2035-07-23,95.3803842765,94.8156497418,5e-05
2035-07-24,95.2958689799,94.7815421711,5e-05
2035-07-25,95.1154694682,94.5552335395,5e-05
2035-07-26,93.8287933731,93.7482562975,5e-05
2035-07-27,93.9522280167,93.7855233903,5e-05
2035-07-30,93.9107532118,92.729414019,5e-05
2035-07-31,92.3628334014,92.7339401918,5e-05
2035-08-01,92.889846738,92.9225146923,5e-05
2035-08-02,92.8722784151,91.7006117913,5e-05
2035-08-03,91.7710715137,91.4463534704,5e-05
2035-08-06,91.3265459269,91.8601266098,5e-05
2035-08-07,91.1475930307,91.5399732325,5e-05
2035-08-08,91.6644969209,91.4560344719,5e-05
2035-08-09,91.5045637704,92.0949582183,5e-05
2035-08-10,91.1776490317,91.1074855794,5e-05
2035-08-13,90.6574589715,90.7176025335,5e-05
2035-08-14,90.6855962012,92.0787862756,5e-05
2035-08-15,92.2473420426,92.7995316299,5e-05
2035-08-16,92.0150957015,93.085645259,5e-05
2035-08-17,93.2271594671,93.0150492169,5e-05
2035-08-20,92.2557780017,92.8568186343,5e-05
2035-08-21,92.8229474596,92.8007318215,5e-05
2035-08-22,92.5704509488,92.9025616774,5e-05
2035-08-23,93.1601376103,92.6378042613,5e-05
2035-08-24,93.1819499609,93.6376168766,5e-05
2035-08-27,93.5833778054,92.7878066751,5e-05
2035-08-28,92.802027731,92.972897524,5e-05
2035-08-29,92.8296865266,92.2803653098,5e-05
2035-08-30,93.8587992233,94.1632388485,5e-05
2035-08-31,95.3527164571,95.4914007806,5e-05
2035-09-03,95.9668024085,94.1138975542,5e-05
2035-09-04,93.9224270557,94.0660535949,5e-05
2035-09-05,93.6327250049,93.5091657975,5e-05
2035-09-06,93.0438833651,93.6339713459,5e-05
2035-09-07,93.3925801544,91.9419216711,5e-05
2035-09-10,92.0069240637,91.7275172979,5e-05
2035-09-11,92.1298295553,92.3204599922,5e-05
2035-09-12,92.9345190832,92.8051790198,5e-05
2035-09-13,93.0656311341,92.3466140707,5e-05
2035-09-14,92.5034025099,91.9056383128,5e-05
2035-09-17,91.8309548493,90.1068623173,5e-05
2035-09-18,89.807859392,90.4945840269,5e-05
2035-09-19,90.5670335674,91.0344484332,5e-05
2035-09-20,92.1310889228,92.2908630377,5e-05
2035-09-21,91.9434007955,92.2521586237,5e-05
2035-09-24,92.3577498893,93.6050433059,5e-05
2035-09-25,93.7593193365,93.301068674,5e-05
2035-09-26,93.3660274216,94.1300758399,5e-05
2035-09-27,94.0527773762,94.7588861129,5e-05
2035-09-28,95.2989511057,96.9535131285,5e-05
2035-10-01,96.3078288066,97.5379388613,5e-05
2035-10-02,98.0626514252,98.8024635189,5e-05
2035-10-03,99.2453667853,99.7209860428,5e-05
2035-10-04,99.701222418,101.226266128,5e-05
2035-10-05,100.460324715,100.337809837,5e-05
2035-10-08,100.250816897,99.0222960803,5e-05
2035-10-09,99.1199082044,98.5197937541,5e-05
2035-10-10,97.8924261536,98.7202485271,5e-05
2035-10-11,98.3836307298,99.0329745537,5e-05
2035-10-12,99.0337812143,99.7610379339,5e-05
2035-10-15,100.428582402,99.9641850703,5e-05
2035-10-16,100.010435828,100.898197276,5e-05
2035-10-17,101.058085772,100.596284486,5e-05
2035-10-18,101.409506203,102.109683265,5e-05
2035-10-19,101.637879198,102.108563773,5e-05
2035-10-22,101.590466106,100.250317444,5e-05
2035-10-23,100.634554576,100.507836883,5e-05
2035-10-24,101.084955226,102.351093815,5e-05
2035-10-25,102.275415292,103.744311645,5e-05
2035-10-26,103.709546897,102.34214353,5e-05
2035-10-29,103.260163876,102.628811486,5e-05
2035-10-30,102.949218034,103.066320392,5e-05
2035-10-31,103.262248538,102.848968334,5e-05
2035-11-01,103.320122832,102.920392056,5e-05
2035-11-02,103.226024627,104.422502657,5e-05
2035-11-05,103.921397685,104.26490957,5e-05
2035-11-06,103.613520811,102.182224144,5e-05
2035-11-07,102.287731576,101.533298597,5e-05
2035-11-08,101.642278685,99.5141872624,5e-05
2035-11-09,99.7092770431,98.6402038802,5e-05
2035-11-12,98.8587613114,98.4871425553,5e-05
2035-11-13,98.8627001108,97.9254073549,5e-05
2035-11-14,97.3911396159,97.3840319541,5e-05
2035-11-15,97.6852113446,97.7102162079,5e-05
2035-11-16,97.7833312225,98.1446007966,5e-05
2035-11-19,98.0739349464,97.7137638791,5e-05
2035-11-20,97.7539388725,97.2443907084,5e-05
2035-11-21,96.935292717,96.4772576494,5e-05
2035-11-22,95.1543425966,94.8509799154,5e-05
2035-11-23,94.7379468674,95.2032004194,5e-05
2035-11-26,95.4461423951,95.0782875359,5e-05
2035-11-27,95.320677401,95.3075898883,5e-05
2035-11-28,94.9294306374,93.9144910809,5e-05
2035-11-29,93.4799688833,93.1969179794,5e-05
2035-11-30,92.4750391452,92.7485988167,5e-05
2035-12-03,92.6414695631,91.7617286509,5e-05
2035-12-04,90.8620040058,88.9354534617,5e-05
2035-12-05,88.7904269849,89.4160164349,5e-05
2035-12-06,89.6322033043,88.9301064614,5e-05
2035-12-07,88.5397552323,88.8467014359,5e-05
2035-12-10,89.3176668115,90.377094202,5e-05
2035-12-11,90.2387810041,89.4064655889,5e-05
2035-12-12,89.7642734032,89.4430043788,5e-05
2035-12-13,89.8739937822,90.1105718566,5e-05
2035-12-14,90.4094636916,91.4737548857,5e-05
2035-12-17,91.8056679331,91.153157851,5e-05
2035-12-18,91.1558450761,91.9264644458,5e-05
2035-12-19,91.4013999205,90.4219263693,5e-05
2035-12-20,90.3017404194,90.8677009324,5e-05
2035-12-21,90.1112759398,92.1784768271,5e-05
2035-12-24,91.3221647401,90.4456512779,5e-05
2035-12-25,90.8339149892,89.6471432863,5e-05
2035-12-26,90.203228519,89.2306715308,5e-05
2035-12-27,89.1955705678,89.2986323403,5e-05
2035-12-28,89.1474009542,89.6142049802,5e-05
2035-12-31,89.4152818717,89.4862954253,5e-05
2036-01-01,90.0032329543,89.846091973,5e-05
2036-01-02,89.2567868054,88.3581885936,5e-05
2036-01-03,88.8095048127,89.8629804444,5e-05
2036-01-04,90.6113735084,91.4871210712,5e-05
2036-01-07,91.2936941796,90.4278424236,5e-05
2036-01-08,89.6202680021,88.6089078593,5e-05
2036-01-09,88.6373220129,88.2595538655,5e-05
2036-01-10,87.9474330359,88.8798797805,5e-05
2036-01-11,88.6005924405,88.6287090168,5e-05
2036-01-14,87.9634173415,88.000446869,5e-05
2036-01-15,87.839189755,88.0848427553,5e-05
2036-01-16,88.5057785448,87.563135675,5e-05
2036-01-17,87.2718615893,86.3632830335,5e-05
2036-01-18,85.9681590197,86.9747948331,5e-05
2036-01-21,87.2569734313,87.1225409756,5e-05
2036-01-22,86.5396145994,85.1405533502,5e-05
2036-01-23,84.9946537466,86.1616866224,5e-05
2036-01-24,86.3322983488,86.5851442538,5e-05
2036-01-25,86.6312347997,86.0145427934,5e-05
2036-01-28,86.6718123203,87.2579101335,5e-05
2036-01-29,87.8314403464,89.6993724763,5e-05
2036-01-30,89.5520091437,88.3429073747,5e-05
2036-01-31,87.8675381889,88.0110466132,5e-05
2036-02-01,87.590996733,87.5735969789,5e-05
2036-02-04,86.8621969497,86.5177408427,5e-05
2036-02-05,86.5579444186,87.8171997783,5e-05
2036-02-06,87.1847516158,87.3310628288,5e-05
2036-02-07,87.3072804036,88.233116774,5e-05
2036-02-08,88.7377371288,87.6740475359,5e-05
2036-02-11,87.0338754463,86.579548575,5e-05
2036-02-12,86.8845962708,86.4208995897,5e-05
2036-02-13,86.3829009912,87.048606794,5e-05
2036-02-14,86.8186983063,87.2733002143,5e-05
2036-02-15,87.6777512495,88.0456946594,5e-05
2036-02-18,87.7968218076,88.2205240529,5e-05
2036-02-19,88.8023925381,90.7259097721,5e-05
2036-02-20,91.1100025004,91.6458122611,5e-05
2036-02-21,91.4864271217,91.8693558879,5e-05
2036-02-22,91.8824969316,92.2884522969,5e-05
2036-02-25,92.7269317679,91.6185147526,5e-05
2036-02-26,91.6058317389,92.3673214546,5e-05
2036-02-27,93.4254777532,93.9853851711,5e-05
2036-02-28,94.5800537725,93.5287404267,5e-05
2036-02-29,93.1944393104,94.1906396035,5e-05
2036-03-03,94.171776868,95.3240650909,5e-05
2036-03-04,95.4656421791,95.7248926903,5e-05
2036-03-05,95.8970775331,95.7702414348,5e-05
2036-03-06,95.8515705342,96.2872091539,5e-05
2036-03-07,96.6138267421,96.9656664567,5e-05
2036-03-10,96.0582839326,95.1556928929,5e-05
2036-03-11,95.4941997851,95.2790316867,5e-05
2036-03-12,94.6779940588,93.3897433763,5e-05
2036-03-13,94.023543373,94.4154264393,5e-05
2036-03-14,94.5065722407,95.6642466342,5e-05
2036-03-17,95.3615978004,94.5872721399,5e-05
2036-03-18,94.6925567146,94.9621399481,5e-05
2036-03-19,95.6261908181,96.3205799954,5e-05
2036-03-20,96.1561843507,95.0385517528,5e-05
2036-03-21,95.4519995212,95.4828285361,5e-05
2036-03-24,95.4373457282,95.658198879,5e-05
2036-03-25,94.8451008506,95.1825129619,5e-05
2036-03-26,95.4643461027,95.9207483064,5e-05
2036-03-27,95.7676870036,97.3161238368,5e-05
2036-03-28,96.5969398353,96.6239118368,5e-05
2036-03-31,97.2142780554,97.0373446419,5e-05
2036-04-01,96.4381196088,96.2744122893,5e-05
2036-04-02,97.4831910754,98.4386056619,5e-05
2036-04-03,99.2032434235,98.9131616006,5e-05
2036-04-04,98.6048507556,97.4081767003,5e-05
2036-04-07,97.5446860428,96.7285071536,5e-05
2036-04-08,96.7539512692,98.170330808,5e-05
2036-04-09,98.1515852005,99.5693932187,5e-05
2036-04-10,99.942894888,101.835913721,5e-05
2036-04-11,99.9958139171,99.7854990928,5e-05
2036-04-14,99.0560543482,98.3654565154,5e-05
2036-04-15,98.5934273057,98.5077023047,5e-05
2036-04-16,98.8017967773,98.9492778023,5e-05
2036-04-17,99.1288249032,100.180883286,5e-05
2036-04-18,100.439451287,100.066896038,5e-05
2036-04-21,100.195249108,99.5916779444,5e-05
2036-04-22,98.6169069097,98.9672155535,5e-05
2036-04-23,98.1112807895,99.1808075191,5e-05
2036-04-24,99.3857769908,99.8952491941,5e-05
2036-04-25,100.357507692,102.858703642,5e-05
2036-04-28,102.959707552,103.554403873,5e-05
2036-04-29,102.973915757,103.403978598,5e-05
2036-04-30,103.078484506,104.131617837,5e-05
2036-05-01,103.205607806,102.455842847,5e-05
2036-05-02,102.36109104,102.959972953,5e-05
2036-05-05,103.149271754,102.453611006,5e-05
2036-05-06,102.057428961,103.11793687,5e-05
2036-05-07,104.514881803,105.441081677,5e-05
2036-05-08,105.979568693,106.687414712,5e-05
2036-05-09,105.626725714,106.04887704,5e-05
2036-05-12,107.082394365,107.461014999,5e-05
2036-05-13,107.867512813,107.381315164,5e-05
2036-05-14,108.265893877,108.961202246,5e-05
2036-05-15,110.115794043,110.217853069,5e-05
2036-05-16,111.389855445,112.258751087,5e-05
2036-05-19,112.727794892,113.437921307,5e-05
2036-05-20,113.979776466,113.502331285,5e-05
2036-05-21,113.269991577,114.588435692,5e-05
2036-05-22,114.610014545,115.381508809,5e-05
2036-05-23,115.313282095,116.861816107,5e-05
2036-05-26,116.591289065,117.146313691,5e-05
2036-05-27,117.555193254,116.957535794,5e-05
2036-05-28,116.793811771,117.226655433,5e-05
2036-05-29,118.413821578,118.264288113,5e-05
2036-05-30,118.156434848,117.952757247,5e-05
2036-06-02,116.897873774,118.042250629,5e-05
2036-06-03,117.556917436,117.406037182,5e-05
2036-06-04,118.06081947,118.705630477,5e-05
2036-06-05,118.461559462,118.045401444,5e-05
2036-06-06,117.840665347,118.150261504,5e-05
2036-06-09,118.613449013,117.254471616,5e-05
2036-06-10,117.413410437,117.355791858,5e-05
2036-06-11,117.584407092,116.910152936,5e-05
2036-06-12,117.112062055,116.401571685,5e-05
2036-06-13,115.031325298,115.15792416,5e-05
2036-06-16,114.887951361,114.494812856,5e-05
2036-06-17,113.961542408,113.482578435,5e-05
2036-06-18,114.233539821,115.084985184,5e-05
2036-06-19,115.657082921,117.155110888,5e-05
2036-06-20,116.25483137,117.490530039,5e-05
2036-06-23,117.692994798,117.932033579,5e-05
2036-06-24,117.656434178,116.533727948,5e-05
2036-06-25,116.470343983,115.294130351,5e-05
2036-06-26,115.630261835,116.685727613,5e-05
2036-06-27,116.627819004,115.323563757,5e-05
2036-06-30,114.939597954,113.911022475,5e-05
2036-07-01,113.357363309,112.360467588,5e-05
2036-07-02,112.425066843,112.511758944,5e-05
2036-07-03,113.249210483,112.24581187,5e-05
2036-07-04,111.538779155,110.600703209,5e-05
2036-07-07,110.294223936,110.947520728,5e-05
2036-07-08,111.00327241,110.490159602,5e-05
2036-07-09,111.043597142,110.83808434,5e-05
2036-07-10,110.403265941,111.007839879,5e-05
2036-07-11,110.834318883,110.677143574,5e-05
2036-07-14,110.255586368,111.420534422,5e-05
2036-07-15,112.49640303,113.65771342,5e-05
2036-07-16,114.216940959,114.522773671,5e-05
2036-07-17,113.44983396,114.321874779,5e-05
2036-07-18,113.612598813,113.824283471,5e-05
2036-07-21,113.015819541,112.120378625,5e-05
2036-07-22,111.41449716,111.124644901,5e-05
2036-07-23,111.316864725,111.909998464,5e-05
2036-07-24,112.232891398,112.122714064,5e-05
2036-07-25,112.215426849,113.169512048,5e-05
2036-07-28,113.365123943,112.470523885,5e-05
2036-07-29,111.875601663,111.960564157,5e-05
2036-07-30,112.411487952,112.012087042,5e-05
2036-07-31,112.493224838,113.309394939,5e-05
2036-08-01,113.272077783,114.019553446,5e-05
2036-08-04,114.516926858,115.292392698,5e-05
2036-08-05,115.587782743,115.263824386,5e-05
2036-08-06,115.113790605,116.989127304,5e-05
2036-08-07,117.229497154,117.805764839,5e-05
2036-08-08,116.371912786,116.116015684,5e-05
2036-08-11,116.826561554,117.684290134,5e-05
2036-08-12,118.025176103,116.338231871,5e-05
2036-08-13,116.280854803,116.024481203,5e-05
2036-08-14,115.845757997,115.391228043,5e-05
2036-08-15,115.737903479,114.997413144,5e-05
2036-08-18,114.38913867,114.6472397,5e-05
2036-08-19,113.838691943,113.450463602,5e-05
2036-08-20,112.836188709,113.250115433,5e-05
2036-08-21,113.501390205,114.045818354,5e-05
2036-08-22,114.217162902,114.335694448,5e-05
2036-08-25,113.45491384,113.222389716,5e-05
2036-08-26,113.638978533,114.162430451,5e-05
2036-08-27,113.98547045,114.424525129,5e-05
2036-08-28,114.665592227,113.277036761,5e-05
2036-08-29,111.50811072,110.597765968,5e-05
2036-09-01,110.045860364,110.19058609,5e-05
2036-09-02,109.474329256,109.262577845,5e-05
2036-09-03,110.239596796,110.020662332,5e-05
2036-09-04,110.55984476,110.187003838,5e-05
2036-09-05,110.440121554,111.997210346,5e-05
2036-09-08,112.810724579,113.119618949,5e-05
2036-09-09,111.896362344,110.017684662,5e-05
2036-09-10,108.531121117,108.255138003,5e-05
2036-09-11,108.237246486,108.46738183,5e-05
2036-09-12,109.044162907,109.02180127,5e-05
2036-09-15,108.232378319,108.782680334,5e-05
2036-09-16,108.523995946,108.230234832,5e-05
2036-09-17,107.498408502,106.812650482,5e-05
2036-09-18,106.107217256,106.420088502,5e-05
2036-09-19,106.758083205,105.981287265,5e-05
2036-09-22,106.552152549,106.038269408,5e-05
2036-09-23,106.727514844,106.962451162,5e-05
2036-09-24,107.130733064,107.105444409,5e-05
2036-09-25,107.77616725,107.126417323,5e-05
2036-09-26,107.693115596,105.645087187,5e-05
2036-09-29,105.024572427,105.510448699,5e-05
2036-09-30,104.960273719,104.645556196,5e-05
2036-10-01,105.281725657,106.07017315,5e-05
2036-10-02,106.068330408,106.147504716,5e-05
2036-10-03,107.53758959,106.934192899,5e-05
2036-10-06,106.80011771,108.618126249,5e-05
2036-10-07,109.791339492,109.72059055,5e-05
2036-10-08,108.630764007,110.469917157,5e-05
2036-10-09,110.208412988,109.5561991,5e-05
2036-10-10,109.701686592,108.690176049,5e-05
2036-10-13,109.021705787,108.02684947,5e-05
2036-10-14,108.237794647,107.806043635,5e-05
2036-10-15,108.360255238,108.249007506,5e-05
2036-10-16,109.769916647,110.450010169,5e-05
2036-10-17,110.158607889,110.237081926,5e-05
2036-10-20,110.545823736,109.019307309,5e-05
2036-10-21,109.853553375,109.160171257,5e-05
2036-10-22,109.80817704,110.681974913,5e-05
2036-10-23,111.137912152,110.058164457,5e-05
2036-10-24,110.047200703,109.89538462,5e-05
2036-10-27,108.843771109,109.191779755,5e-05
2036-10-28,109.60660743,109.284063754,5e-05
2036-10-29,108.357238939,107.852689795,5e-05
2036-10-30,107.492285415,108.047533043,5e-05
2036-10-31,108.126008893,108.714414928,5e-05
2036-11-03,109.786603956,108.729628107,5e-05
2036-11-04,108.090359397,107.844538597,5e-05
2036-11-05,108.498660544,108.182695231,5e-05
2036-11-06,107.526986892,107.638667393,5e-05
2036-11-07,107.210522137,108.017878192,5e-05
2036-11-10,107.759805985,106.864276062,5e-05
2036-11-11,107.063596469,108.665395287,5e-05
2036-11-12,108.135647416,108.980678752,5e-05
2036-11-13,108.094215737,107.801324781,5e-05
2036-11-14,108.28924746,107.914572025,5e-05
2036-11-17,108.916865765,109.212666843,5e-05
2036-11-18,109.059049723,109.054671657,5e-05
2036-11-19,109.244457294,108.497444181,5e-05
2036-11-20,108.681783894,107.636250979,5e-05
2036-11-21,107.324891552,106.332130126,5e-05
2036-11-24,106.110778102,105.276752665,5e-05
2036-11-25,105.436855572,106.241304789,5e-05
2036-11-26,105.795912426,104.704900574,5e-05
2036-11-27,105.424395782,104.784735766,5e-05
2036-11-28,105.237133435,105.724924306,5e-05
2036-12-01,105.12293307,104.577886953,5e-05
2036-12-02,104.946317071,104.6314505,5e-05
2036-12-03,104.2287204,105.953977892,5e-05
2036-12-04,106.193343097,103.917911487,5e-05
2036-12-05,105.226851753,104.311067654,5e-05
2036-12-08,103.677407351,105.691625524,5e-05
2036-12-09,105.692660637,106.724123012,5e-05
2036-12-10,107.210183552,105.891961073,5e-05
2036-12-11,106.532898632,106.689230511,5e-05
2036-12-12,106.489382435,107.164118471,5e-05
2036-12-15,107.207447171,106.902753721,5e-05
2036-12-16,107.200566229,106.568341616,5e-05
2036-12-17,106.602278485,106.708319151,5e-05
2036-12-18,106.602979294,108.163227664,5e-05
2036-12-19,108.357007481,108.656766918,5e-05
2036-12-22,107.635064803,107.869482598,5e-05
2036-12-23,107.701732075,106.943538897,5e-05
2036-12-24,106.466213236,107.173226226,5e-05
2036-12-25,107.670412463,107.28796647,5e-05
2036-12-26,108.243838971,108.845835966,5e-05
2036-12-29,109.703882587,110.704922315,5e-05
2036-12-30,111.462058066,112.143983558,5e-05
2036-12-31,113.127342329,112.886126139,5e-05
2037-01-01,112.555571073,112.033761612,5e-05
2037-01-02,112.111221889,112.034259591,5e-05
2037-01-05,112.116977643,110.541465533,5e-05
2037-01-06,110.86882928,111.604083494,5e-05
2037-01-07,111.3905027,111.812635513,5e-05
2037-01-08,111.68338866,111.407242618,5e-05
2037-01-09,112.149313271,111.295101716,5e-05
2037-01-12,110.449952083,110.725281854,5e-05
2037-01-13,111.419003555,110.974589572,5e-05
2037-01-14,111.259479481,111.888582766,5e-05
2037-01-15,111.594228507,113.325607745,5e-05
2037-01-16,113.721172911,113.697597364,5e-05
2037-01-19,113.711918209,111.486126868,5e-05
2037-01-20,111.742882112,111.961258954,5e-05
2037-01-21,112.110532952,111.90164356,5e-05
2037-01-22,111.879072536,112.941867142,5e-05
2037-01-23,112.120428203,110.867556771,5e-05
2037-01-26,112.158364131,112.207097214,5e-05
2037-01-27,112.05357624,112.364857599,5e-05
2037-01-28,113.344187928,113.761952181,5e-05
2037-01-29,113.325250721,113.3793077,5e-05
2037-01-30,113.668018528,114.355902782,5e-05
2037-02-02,114.927159621,115.216453796,5e-05
2037-02-03,114.714848282,113.857874043,5e-05
2037-02-04,113.472495395,114.51083776,5e-05
2037-02-05,113.726756142,114.924051398,5e-05
2037-02-06,114.27687225,114.227769363,5e-05
2037-02-09,114.23519302,114.606036986,5e-05
2037-02-10,115.33353124,114.934727425,5e-05
2037-02-11,114.18103001,114.078765642,5e-05
2037-02-12,113.719472031,113.843995912,5e-05
2037-02-13,114.521640426,115.184522444,5e-05
2037-02-16,115.698313203,116.614939223,5e-05
2037-02-17,116.001324353,117.391044994,5e-05
2037-02-18,117.92504791,119.279790861,5e-05
2037-02-19,118.967777786,120.202486812,5e-05
2037-02-20,120.19977665,121.127841359,5e-05
2037-02-23,121.288467216,120.580373211,5e-05
2037-02-24,120.043649493,120.418098732,5e-05
2037-02-25,120.686224025,119.792491757,5e-05
2037-02-26,120.237697565,121.172735146,5e-05
2037-02-27,121.640151884,120.760096202,5e-05
2037-03-02,121.36162254,121.021026244,5e-05
2037-03-03,121.278153811,120.397646417,5e-05
2037-03-04,120.044217815,121.928561056,5e-05
2037-03-05,121.398101646,121.015025544,5e-05
2037-03-06,121.675554207,121.250559234,5e-05
2037-03-09,120.476154788,119.910013589,5e-05
2037-03-10,119.418795772,120.299959703,5e-05
2037-03-11,120.35909958,118.883403497,5e-05
2037-03-12,118.498065896,119.792785562,5e-05
2037-03-13,120.198627255,119.304402409,5e-05
2037-03-16,118.776039094,118.386327359,5e-05
2037-03-17,117.595436297,117.633623406,5e-05
2037-03-18,117.3144632,116.878748417,5e-05
2037-03-19,116.809441973,116.809984985,5e-05
2037-03-20,115.881861612,117.507621654,5e-05
2037-03-23,117.451791367,117.909464264,5e-05
2037-03-24,118.029133726,117.341839651,5e-05
2037-03-25,117.556072704,118.084510411,5e-05
2037-03-26,118.038340066,119.059359329,5e-05
2037-03-27,118.489665626,119.575599446,5e-05
2037-03-30,119.162833618,119.044021443,5e-05
2037-03-31,118.846099921,117.604967093,5e-05
2037-04-01,118.190078052,117.281252381,5e-05
2037-04-02,116.426406782,118.947013658,5e-05
2037-04-03,119.264816372,119.805920963,5e-05
2037-04-06,118.965512325,117.531342078,5e-05
2037-04-07,117.687011935,118.427259608,5e-05
2037-04-08,119.325686807,119.892092535,5e-05
2037-04-09,119.374478853,119.505446195,5e-05
2037-04-10,120.124087988,119.795669245,5e-05
2037-04-13,119.529093193,118.668488132,5e-05
2037-04-14,118.912760631,119.08070873,5e-05
2037-04-15,119.077080183,118.57943301,5e-05
2037-04-16,118.233796733,118.659096573,5e-05
2037-04-17,119.307977467,117.400079815,5e-05
2037-04-20,117.729651121,117.698183199,5e-05
2037-04-21,118.274662017,116.769890138,5e-05
2037-04-22,117.317104734,116.829359233,5e-05
2037-04-23,117.553364224,117.555991526,5e-05
2037-04-24,117.429929202,118.344080568,5e-05
2037-04-27,117.67969305,119.524504778,5e-05
2037-04-28,118.124511483,118.70448375,5e-05
2037-04-29,118.540993938,117.478685505,5e-05
2037-04-30,117.386413078,117.465534092,5e-05
2037-05-01,117.073294721,117.443260219,5e-05
2037-05-04,118.095770799,117.919511953,5e-05
2037-05-05,118.470869305,117.958607793,5e-05
2037-05-06,118.629270141,119.008750412,5e-05
2037-05-07,118.543405065,119.050827775,5e-05
2037-05-08,119.538650397,118.93794063,5e-05
2037-05-11,118.126663671,117.669677461,5e-05
2037-05-12,118.655849549,117.564379582,5e-05
2037-05-13,117.390719193,117.859780896,5e-05
2037-05-14,118.469811999,120.100009583,5e-05
2037-05-15,120.356283244,120.359500446,5e-05
2037-05-18,120.834402526,121.654510512,5e-05
2037-05-19,120.222613785,119.67384813,5e-05
2037-05-20,119.768175928,119.011922098,5e-05
2037-05-21,118.958344392,117.771640469,5e-05
2037-05-22,117.938762984,118.980623847,5e-05
2037-05-25,117.728888534,115.136831206,5e-05
2037-05-26,115.072504366,115.430491968,5e-05
2037-05-27,115.916939689,114.538866091,5e-05
2037-05-28,114.851622747,115.953784528,5e-05
2037-05-29,115.381219703,115.437672718,5e-05
2037-06-01,115.337293134,114.685571015,5e-05
2037-06-02,114.550814826,113.565033917,5e-05
2037-06-03,114.193562666,114.174531199,5e-05
2037-06-04,114.326539835,115.239996266,5e-05
2037-06-05,113.679820369,113.623937209,5e-05
2037-06-08,113.769794506,113.570413284,5e-05
2037-06-09,113.499970154,114.895541907,5e-05
2037-06-10,115.260777572,114.741021272,5e-05
2037-06-11,115.69568482,114.398992622,5e-05
2037-06-12,113.647602096,113.531484891,5e-05
2037-06-15,114.067035378,113.157215751,5e-05
2037-06-16,112.887910993,113.142676489,5e-05
2037-06-17,112.413734274,113.442629467,5e-05
2037-06-18,113.139387121,113.418858533,5e-05
2037-06-19,113.223314622,112.377808758,5e-05
2037-06-22,113.130283333,113.610987673,5e-05
2037-06-23,113.909377375,113.089516591,5e-05
2037-06-24,113.806715877,114.852722229,5e-05
2037-06-25,115.140748782,114.918210113,5e-05
2037-06-26,114.507279891,114.334712862,5e-05
2037-06-29,113.680488831,114.066583937,5e-05
2037-06-30,114.669703247,115.628278863,5e-05
2037-07-01,115.454295299,115.040298166,5e-05
2037-07-02,114.842720594,114.010551112,5e-05
2037-07-03,114.020340884,114.441693781,5e-05
2037-07-06,113.889405199,114.40243638,5e-05
2037-07-07,113.486273262,112.863312767,5e-05
2037-07-08,112.757145352,113.936419783,5e-05
2037-07-09,113.383436498,113.62267835,5e-05
2037-07-10,113.322895205,112.360397792,5e-05
2037-07-13,111.436581596,110.40802254,5e-05
2037-07-14,109.603539567,108.827200256,5e-05
2037-07-15,109.477109922,109.351923712,5e-05
2037-07-16,110.380183232,110.413322177,5e-05
2037-07-17,110.587438029,111.291503435,5e-05
2037-07-20,111.398947878,110.487094643,5e-05
2037-07-21,110.593919303,109.452089225,5e-05
2037-07-22,108.81552264,109.102978941,5e-05
2037-07-23,109.659466245,110.851340582,5e-05
2037-07-24,110.576327386,110.900197812,5e-05
2037-07-27,111.06814521,111.070394451,5e-05
2037-07-28,111.223407228,111.237683199,5e-05
2037-07-29,111.694110926,110.627637657,5e-05
2037-07-30,111.155469636,109.840670348,5e-05
2037-07-31,108.909187949,107.413840122,5e-05
2037-08-03,107.343187134,107.538983118,5e-05
2037-08-04,106.182459021,106.014410942,5e-05
2037-08-05,106.056209254,104.462639558,5e-05
2037-08-06,104.498861787,103.915743252,5e-05
2037-08-07,103.407920884,105.21018146,5e-05
2037-08-10,104.453525569,103.889264313,5e-05
2037-08-11,104.114766318,105.393149312,5e-05
2037-08-12,104.801562055,104.66303944,5e-05
2037-08-13,104.54588625,104.988007678,5e-05
2037-08-14,104.525541668,105.442418504,5e-05
2037-08-17,105.860852957,105.592708524,5e-05
2037-08-18,106.262866696,105.054936499,5e-05
2037-08-19,105.1761089,104.349171142,5e-05
2037-08-20,105.476059079,106.229113664,5e-05
2037-08-21,105.744692992,106.699514264,5e-05
2037-08-24,105.909284487,105.710667787,5e-05
2037-08-25,104.640593681,104.257085048,5e-05
2037-08-26,104.144688318,103.958339944,5e-05
2037-08-27,104.099792685,103.655741947,5e-05
2037-08-28,103.643264541,103.607216585,5e-05
2037-08-31,103.286061145,102.655517469,5e-05
2037-09-01,102.462853228,101.613498992,5e-05
2037-09-02,102.102894605,102.485803612,5e-05
2037-09-03,102.229170744,102.430488772,5e-05
2037-09-04,102.322648767,102.440232522,5e-05
2037-09-07,102.576324623,102.678386802,5e-05
2037-09-08,101.588357515,101.709142911,5e-05
2037-09-09,101.346651212,101.43476412,5e-05
2037-09-10,101.968817898,103.118409866,5e-05
2037-09-11,102.951289234,102.260198885,5e-05
2037-09-14,102.165645998,102.742198084,5e-05
2037-09-15,102.373472828,102.373448814,5e-05
2037-09-16,102.043525039,101.724768717,5e-05
2037-09-17,101.760434456,102.144852592,5e-05
2037-09-18,101.908689868,103.981636831,5e-05
2037-09-21,103.991643513,103.496161698,5e-05
2037-09-22,103.010048552,102.75830661,5e-05
