date,Fixed SMA200,Buy and hold,Walk-forward
2032-11-24,0.00814801156801,0.00814801156801,5.00000000001e-05
2032-11-25,-0.000283622730724,-0.000283622730724,-0.0108767568328
2032-11-26,-0.000222052853911,-0.000222052853911,-0.000222052853911
2032-11-29,0.000478024997986,0.000478024997986,0.000478024997986
2032-11-30,0.0157645246114,0.0157645246114,0.0157645246114
2032-12-01,0.00268725787582,0.00268725787582,0.00268725787582
2032-12-02,-0.00385338697358,-0.00385338697358,-0.00385338697358
2032-12-03,-0.0155252227648,-0.0155252227648,-0.0155252227648
2032-12-06,-0.0287441062898,-0.0287441062898,-0.0287441062898
2032-12-07,0.0114466761927,0.0114466761927,0.0114466761927
2032-12-08,0.0011871249203,0.0011871249203,0.0011871249203
2032-12-09,-0.0108437851841,-0.0108437851841,-0.0108437851841
2032-12-10,0.0190899068536,0.0190899068536,0.0190899068536
2032-12-13,0.0137892322495,0.0137892322495,0.0137892322495
2032-12-14,0.000190854487489,0.000190854487489,0.000190854487489
2032-12-15,0.00619934016694,0.00619934016694,0.00619934016694
2032-12-16,-0.00509170396037,-0.00509170396037,-0.00509170396037
2032-12-17,-0.000552073334677,-0.000552073334677,-0.000552073334677
2032-12-20,-0.00572433322385,-0.00572433322385,-0.00572433322385
2032-12-21,0.000898077188062,0.000898077188062,0.000898077188062
2032-12-22,-0.00623863040204,-0.00623863040204,-0.00623863040204
2032-12-23,0.00423053345441,0.00423053345441,0.00423053345441
2032-12-24,0.012634683568,0.012634683568,0.012634683568
2032-12-27,-0.014638535131,-0.014638535131,-0.014638535131
2032-12-28,0.0105100529041,0.0105100529041,0.0105100529041
2032-12-29,0.00128799517093,0.00128799517093,0.00128799517093
2032-12-30,-0.00301004085756,-0.00301004085756,-0.00301004085756
2032-12-31,-0.000892707980273,-0.000892707980273,-0.000892707980273
2033-01-03,0.0143424261068,0.0143424261068,0.0143424261068
2033-01-04,0.0106346843246,0.0106346843246,0.0106346843246
2033-01-05,0.00119772868511,0.00119772868511,0.00119772868511
2033-01-06,-0.0139431073531,-0.0139431073531,-0.0139431073531
2033-01-07,-0.00915895557115,-0.00915895557115,-0.00915895557115
2033-01-10,-0.00164071708315,-0.00164071708315,-0.00164071708315
2033-01-11,-0.0164639145924,-0.0164639145924,-0.0164639145924
2033-01-12,0.000205068579094,0.000205068579094,0.000205068579094
2033-01-13,0.000757596496276,0.000757596496276,0.000757596496276
2033-01-14,-0.000834712543209,-0.000834712543209,-0.000834712543209
2033-01-17,0.00801867615605,0.00801867615605,0.00801867615605
2033-01-18,-0.000635238559766,-0.000635238559766,-0.000635238559766
2033-01-19,0.0106425038015,0.0106425038015,0.0106425038015
2033-01-20,0.00131742916354,0.00131742916354,0.00131742916354
2033-01-21,0.0162630294365,0.0162630294365,0.0162630294365
2033-01-24,0.0135798885021,0.0135798885021,0.0135798885021
2033-01-25,0.0118387292153,0.0118387292153,0.0118387292153
2033-01-26,0.00797685109492,0.00797685109492,0.00797685109492
2033-01-27,0.0125920838008,0.0125920838008,0.0125920838008
2033-01-28,-0.00241836417892,-0.00241836417892,-0.00241836417892
2033-01-31,0.000192935197724,0.000192935197724,0.000192935197724
2033-02-01,0.00813693485863,0.00813693485863,0.00813693485863
2033-02-02,-0.0140546139217,-0.0140546139217,-0.0140546139217
2033-02-03,-0.000215834749598,-0.000215834749598,-0.000215834749598
2033-02-04,0.00280559673341,0.00280559673341,0.00280559673341
2033-02-07,-0.0230414807646,-0.0230414807646,-0.0230414807646
2033-02-08,-0.0100638884925,-0.0100638884925,-0.0100638884925
2033-02-09,0.00978774486624,0.00978774486624,0.00978774486624
2033-02-10,-0.010493202994,-0.010493202994,-0.010493202994
2033-02-11,-0.00739938915149,-0.00739938915149,-0.00739938915149
2033-02-14,-0.010409850686,-0.010409850686,-0.010409850686
2033-02-15,0.00900456988475,0.00900456988475,0.00900456988475
2033-02-16,-0.00673198981566,-0.00673198981566,-0.00673198981566
2033-02-17,-0.000837353327665,-0.000837353327665,-0.000837353327665
2033-02-18,0.00375088875291,0.00375088875291,0.00375088875291
2033-02-21,-0.0156352576483,-0.0156352576483,-0.0156352576483
2033-02-22,-0.0111676159358,-0.0111676159358,-0.0111676159358
2033-02-23,0.011116666369,0.011116666369,0.011116666369
2033-02-24,-0.0135836814263,-0.0135836814263,-0.0135836814263
2033-02-25,-0.00676613551094,-0.00676613551094,-0.00676613551094
2033-02-28,0.02738361832,0.02738361832,0.02738361832
2033-03-01,0.009505936404,0.009505936404,0.009505936404
2033-03-02,0.0191077404193,0.0191077404193,0.0191077404193
2033-03-03,-0.0142128785285,-0.0142128785285,-0.0142128785285
2033-03-04,-0.0097189974988,-0.0097189974988,-0.0097189974988
2033-03-07,-0.00715902004774,-0.00715902004774,-0.00715902004774
2033-03-08,0.00961472687743,0.00961472687743,0.00961472687743
2033-03-09,-0.00818692258427,-0.00818692258427,-0.00818692258427
2033-03-10,0.00866009301889,0.00866009301889,0.00866009301889
2033-03-11,0.00108901837771,0.00108901837771,0.00108901837771
2033-03-14,0.00273316915792,0.00273316915792,0.00273316915792
2033-03-15,-0.0111384519802,-0.0111384519802,-0.0111384519802
2033-03-16,-0.00703541003697,-0.00703541003697,-0.00703541003697
2033-03-17,-0.00771092107751,-0.00771092107751,-0.00771092107751
2033-03-18,-0.0195455564634,-0.0195455564634,-0.0195455564634
2033-03-21,0.00692806786222,0.00692806786222,0.00692806786222
2033-03-22,0.00335112301554,0.00335112301554,0.00335112301554
2033-03-23,0.00426373174563,0.00426373174563,0.00426373174563
2033-03-24,-0.00437572625877,-0.00437572625877,-0.00437572625877
2033-03-25,-0.0158987554548,-0.0158987554548,-0.0158987554548
2033-03-28,-0.0026555042126,-0.0026555042126,-0.0026555042126
2033-03-29,0.00475501987114,0.00475501987114,0.00475501987114
2033-03-30,0.00781541481067,0.00781541481067,0.00781541481067
2033-03-31,-0.00932461111115,-0.00932461111115,-0.00932461111115
2033-04-01,0.00591352010167,0.00591352010167,0.00591352010167
2033-04-04,0.00549406455041,0.00549406455041,0.00549406455041
2033-04-05,0.00567492901129,0.00567492901129,0.00567492901129
2033-04-06,0.0144832360032,0.0144832360032,0.0144832360032
2033-04-07,-0.00705087067107,-0.00705087067107,-0.00705087067107
2033-04-08,-0.00265138874047,-0.00265138874047,-0.00265138874047
2033-04-11,-0.0119684589277,-0.0119684589277,-0.0119684589277
2033-04-12,-0.022900502977,-0.022900502977,-0.022900502977
2033-04-13,-0.0116164185023,-0.0116164185023,-0.0116164185023
2033-04-14,0.000575049587762,0.000575049587762,0.000575049587762
2033-04-15,0.0103207983633,0.0103207983633,0.0103207983633
2033-04-18,-0.000727865667423,-0.000727865667423,-0.000727865667423
2033-04-19,-0.000868358454154,-0.000868358454154,-0.000868358454154
2033-04-20,0.0207350115014,0.0207350115014,0.0207350115014
2033-04-21,0.00498073032163,0.00498073032163,0.00498073032163
2033-04-22,0.000976924830923,0.000976924830923,0.000976924830923
2033-04-25,-0.00133346837354,-0.00133346837354,-0.00133346837354
2033-04-26,0.0273317255793,0.0273317255793,0.0273317255793
2033-04-27,-0.00126031526067,-0.00126031526067,-0.00126031526067
2033-04-28,-0.00555391307921,-0.00555391307921,-0.00555391307921
2033-04-29,0.00596590408446,0.00596590408446,0.00596590408446
2033-05-02,-0.00189434063645,-0.00189434063645,-0.00189434063645
2033-05-03,0.00234582348602,0.00234582348602,0.00234582348602
2033-05-04,-0.00294391882362,-0.00294391882362,-0.00294391882362
2033-05-05,-0.0106943434972,-0.0106943434972,-0.0106943434972
2033-05-06,0.00491041145115,0.00491041145115,0.00491041145115
2033-05-09,-0.0127068557491,-0.0127068557491,-0.0127068557491
2033-05-10,-0.0106787813838,-0.0106787813838,-0.0106787813838
2033-05-11,0.00508263239499,0.00508263239499,0.00508263239499
2033-05-12,-0.00350519333137,-0.00350519333137,-0.00350519333137
2033-05-13,-0.0087169156379,-0.0087169156379,-0.0087169156379
2033-05-16,-0.00808866148143,-0.00808866148143,-0.00808866148143
2033-05-17,-0.00228720723512,-0.00386188949455,-0.00386188949455
2033-05-18,5.00000000001e-05,0.00609592542837,0.00609592542837
2033-05-19,0.013287550711,0.0216642281044,0.0216642281044
2033-05-20,-0.00963090005201,-0.00963090005201,-0.00963090005201
2033-05-23,-0.000698771156279,-0.000698771156279,-0.000698771156279
2033-05-24,-0.00284649568617,-0.00284649568617,-0.00284649568617
2033-05-25,-0.00574973066867,-0.00574973066867,-0.00574973066867
2033-05-26,0.0172117405123,0.0172117405123,0.0172117405123
2033-05-27,-0.0095179289423,-0.0095179289423,-0.0095179289423
2033-05-30,-0.00240424783389,-0.00240424783389,-0.00240424783389
2033-05-31,-0.0191451801809,-0.0191451801809,-0.0191451801809
2033-06-01,-0.00865977190012,0.00202288354407,0.00202288354407
2033-06-02,5.00000000001e-05,-0.000278187673725,-0.000278187673725
2033-06-03,5.00000000001e-05,0.00432557150453,0.00432557150453
2033-06-06,5.00000000001e-05,0.0216252969664,0.0216252969664
2033-06-07,0.00464126309202,0.00329574968925,0.00329574968925
2033-06-08,0.00506455320555,0.00506455320555,0.00506455320555
2033-06-09,-0.00522347358611,-0.00522347358611,-0.00522347358611
2033-06-10,0.00613455371409,0.00613455371409,0.00613455371409
2033-06-13,0.000807216885104,0.000807216885104,0.000807216885104
2033-06-14,-0.0019623347226,-0.0019623347226,-0.0019623347226
2033-06-15,-0.00336712903462,-0.00336712903462,-0.00336712903462
2033-06-16,-0.00723474804396,-0.00723474804396,-0.00723474804396
2033-06-17,0.0209997018416,0.0209997018416,0.0209997018416
2033-06-20,-0.0061917636109,-0.0061917636109,-0.0061917636109
2033-06-21,-0.0162710270472,-0.0162710270472,-0.0162710270472
2033-06-22,-0.0112019920528,-0.0155034894881,-0.0155034894881
2033-06-23,5.00000000001e-05,-0.00174992284116,-0.00174992284116
2033-06-24,5.00000000001e-05,-0.0203324862052,-0.0203324862052
2033-06-27,5.00000000001e-05,-0.0153390350361,-0.000148250049533
2033-06-28,5.00000000001e-05,-0.00388573316576,5.00000000001e-05
2033-06-29,5.00000000001e-05,-0.000766299284259,5.00000000001e-05
2033-06-30,5.00000000001e-05,0.00807636899833,5.00000000001e-05
2033-07-01,5.00000000001e-05,-0.00548172467866,5.00000000001e-05
2033-07-04,5.00000000001e-05,-0.000801504608863,5.00000000001e-05
2033-07-05,5.00000000001e-05,0.00687012359033,5.00000000001e-05
2033-07-06,5.00000000001e-05,0.00935229014634,5.00000000001e-05
2033-07-07,5.00000000001e-05,0.0015261992318,5.00000000001e-05
2033-07-08,5.00000000001e-05,0.0120045079232,5.00000000001e-05
2033-07-11,5.00000000001e-05,0.00920805844546,5.00000000001e-05
2033-07-12,5.00000000001e-05,0.008293542518,0.00299404910397
2033-07-13,5.00000000001e-05,-0.00869205581187,-0.00869205581187
2033-07-14,5.00000000001e-05,-0.00119911918912,0.00488172527488
2033-07-15,5.00000000001e-05,-0.00438190202632,5.00000000001e-05
2033-07-18,5.00000000001e-05,0.00314862410997,5.00000000001e-05
2033-07-19,5.00000000001e-05,0.00474095144061,5.00000000001e-05
2033-07-20,5.00000000001e-05,0.00348246575308,5.00000000001e-05
2033-07-21,5.00000000001e-05,-0.0117485569438,-0.00683784489647
2033-07-22,5.00000000001e-05,-0.000349605465984,-0.00650845741433
2033-07-25,5.00000000001e-05,-0.00846995392639,5.00000000001e-05
2033-07-26,5.00000000001e-05,0.0118561424446,5.00000000001e-05
2033-07-27,5.00000000001e-05,-0.0094785181643,5.00000000001e-05
2033-07-28,5.00000000001e-05,-0.00612343779642,5.00000000001e-05
2033-07-29,5.00000000001e-05,0.0133601286599,5.00000000001e-05
2033-08-01,5.00000000001e-05,0.00389164688892,5.00000000001e-05
2033-08-02,5.00000000001e-05,-0.00272505837053,5.00000000001e-05
2033-08-03,5.00000000001e-05,0.00874355254822,5.00000000001e-05
2033-08-04,5.00000000001e-05,0.0017452928293,5.00000000001e-05
2033-08-05,5.00000000001e-05,-0.0016562548849,5.00000000001e-05
2033-08-08,5.00000000001e-05,0.00773559031623,5.00000000001e-05
2033-08-09,5.00000000001e-05,0.00587355264095,0.00626210106814
2033-08-10,5.00000000001e-05,-0.000178028795431,-0.000178028795431
2033-08-11,5.00000000001e-05,0.00238716152017,0.00238716152017
2033-08-12,5.00000000001e-05,-0.00692357751209,-0.00692357751209
2033-08-15,5.00000000001e-05,0.0107824356254,0.0107824356254
2033-08-16,5.00000000001e-05,0.0154565610997,0.0154565610997
2033-08-17,-0.00103801336002,-0.00953463549576,-0.00953463549576
2033-08-18,0.00816125023663,0.0150192297072,0.0150192297072
2033-08-19,-0.00760511013362,-0.00748627269895,-0.00748627269895
2033-08-22,0.00544324513886,0.00544324513886,0.00544324513886
2033-08-23,0.00493732674568,0.00493732674568,0.00493732674568
2033-08-24,0.0102137283667,0.0102137283667,0.0102137283667
2033-08-25,0.0113708481781,0.0113708481781,0.0113708481781
2033-08-26,0.00335489028659,0.00335489028659,0.00335489028659
2033-08-29,0.00853553495128,0.00853553495128,0.00853553495128
2033-08-30,0.00538777835868,0.00538777835868,0.00538777835868
2033-08-31,0.00262251908043,0.00262251908043,0.00262251908043
2033-09-01,0.00144239456589,0.00144239456589,0.00144239456589
2033-09-02,-0.00795322632159,-0.00795322632159,-0.00795322632159
2033-09-05,0.0111840047757,0.0111840047757,0.0111840047757
2033-09-06,0.00950363794874,0.00950363794874,0.00950363794874
2033-09-07,-0.0174837878279,-0.0174837878279,-0.0174837878279
2033-09-08,-0.00288590224685,-0.00288590224685,-0.00288590224685
2033-09-09,0.00579897400191,0.00579897400191,0.00579897400191
2033-09-12,-0.00651593522029,-0.00651593522029,-0.00651593522029
2033-09-13,-0.0166355135837,-0.0166355135837,-0.0166355135837
2033-09-14,0.00733883439,0.00733883439,0.00733883439
2033-09-15,-0.0100930395397,-0.0100930395397,-0.0100930395397
2033-09-16,0.00674588615569,0.00674588615569,0.00674588615569
2033-09-19,-0.00700921605035,-0.00700921605035,-0.00700921605035
2033-09-20,-0.0024584095645,-0.0024584095645,-0.0024584095645
2033-09-21,0.00325826964311,0.00325826964311,0.00325826964311
2033-09-22,0.0041310145354,0.0041310145354,0.0041310145354
2033-09-23,-0.00700586301835,-0.00700586301835,-0.00700586301835
2033-09-26,0.00168482566566,0.00168482566566,0.00168482566566
2033-09-27,-0.00934574565288,-0.00934574565288,-0.00934574565288
2033-09-28,-0.0168747277909,-0.0168747277909,-0.0168747277909
2033-09-29,-0.000232143121558,0.0104499238132,0.0104499238132
2033-09-30,-0.00573838935718,-0.00149271923577,-0.00149271923577
2033-10-03,0.00450573543204,0.00450573543204,0.00450573543204
2033-10-04,0.0115649981867,0.0115649981867,0.0115649981867
2033-10-05,-0.0128559407195,-0.0128559407195,-0.0128559407195
2033-10-06,-0.00861668463392,-0.00861668463392,-0.00861668463392
2033-10-07,-0.00452745894171,-0.0159723220764,-0.0159723220764
2033-10-10,5.00000000001e-05,-0.00900316030889,-0.00921459675688
2033-10-11,5.00000000001e-05,-0.00103101118902,5.00000000001e-05
2033-10-12,5.00000000001e-05,0.0155480788745,5.00000000001e-05
2033-10-13,5.00000000001e-05,-0.00653764232993,5.00000000001e-05
2033-10-14,5.00000000001e-05,0.00363261756082,5.00000000001e-05
2033-10-17,5.00000000001e-05,0.00300129600539,5.00000000001e-05
2033-10-18,5.00000000001e-05,0.00944454803796,5.00000000001e-05
2033-10-19,0.00783701776314,0.0111620824754,5.00000000001e-05
2033-10-20,0.0253759336701,0.0253759336701,0.0127718256801
2033-10-21,-0.00864045059411,-0.00864045059411,-0.00864045059411
2033-10-24,-0.0222730410474,-0.0222730410474,-0.0222730410474
2033-10-25,-0.00339936928746,-0.00339936928746,-0.00339936928746
2033-10-26,0.00678623655996,0.00678623655996,-0.00579409042834
2033-10-27,-0.00136552086287,-0.00136552086287,0.00263582459328
2033-10-28,0.00594850858957,0.00594850858957,0.00594850858957
2033-10-31,-0.000705401768072,-0.000705401768072,-0.000705401768072
2033-11-01,0.0048897460348,0.0048897460348,0.0048897460348
2033-11-02,-0.0105287369396,-0.0105287369396,-0.0105287369396
2033-11-03,0.0233717685041,0.0233717685041,0.0233717685041
2033-11-04,0.0041350975005,0.0041350975005,0.0041350975005
2033-11-07,-0.000784900380167,-0.000784900380167,-0.000784900380167
2033-11-08,0.00886632588262,0.00886632588262,0.00886632588262
2033-11-09,0.00991204431036,0.00991204431036,0.00991204431036
2033-11-10,-0.00788268824277,-0.00788268824277,-0.00788268824277
2033-11-11,0.00891502355354,0.00891502355354,0.00891502355354
2033-11-14,-0.00808975358097,-0.00808975358097,-0.00808975358097
2033-11-15,-0.015009191811,-0.015009191811,-0.015009191811
2033-11-16,-0.00327249282213,-0.00327249282213,-0.00327249282213
2033-11-17,-0.0148415208964,-0.0148415208964,-0.0148415208964
2033-11-18,-0.00286118080031,-0.00286118080031,-0.00286118080031
2033-11-21,0.00605123608424,0.00605123608424,0.00605123608424
2033-11-22,-0.0152730992063,-0.0152730992063,-0.0152730992063
2033-11-23,-0.0112283132598,-0.0112283132598,-0.00665029033749
2033-11-24,-0.0120525276018,-0.005175565758,5.00000000001e-05
2033-11-25,5.00000000001e-05,0.00479537247256,5.00000000001e-05
2033-11-28,5.00000000001e-05,0.00137877163751,5.00000000001e-05
2033-11-29,5.00000000001e-05,-0.0066111897676,5.00000000001e-05
2033-11-30,5.00000000001e-05,-8.02946868047e-05,5.00000000001e-05
2033-12-01,5.00000000001e-05,0.00783503032424,5.00000000001e-05
2033-12-02,5.00000000001e-05,-0.00542906350414,5.00000000001e-05
2033-12-05,5.00000000001e-05,0.00503819906992,5.00000000001e-05
2033-12-06,5.00000000001e-05,-0.00799205386585,5.00000000001e-05
2033-12-07,5.00000000001e-05,0.000452596335143,5.00000000001e-05
2033-12-08,5.00000000001e-05,-0.00685000224759,5.00000000001e-05
2033-12-09,5.00000000001e-05,-0.0085295635251,5.00000000001e-05
2033-12-12,5.00000000001e-05,0.00469164411497,5.00000000001e-05
2033-12-13,5.00000000001e-05,-0.000151288391188,5.00000000001e-05
2033-12-14,5.00000000001e-05,0.00981393075246,5.00000000001e-05
2033-12-15,5.00000000001e-05,0.0149734228068,5.00000000001e-05
2033-12-16,0.00305777047987,0.0118175427723,5.00000000001e-05
2033-12-19,-0.0256732312171,-0.0256732312171,-0.0238739012795
2033-12-20,-0.00467928704021,0.00790865549872,-0.00467928704021
2033-12-21,5.00000000001e-05,-0.000794734940462,5.00000000001e-05
2033-12-22,5.00000000001e-05,-0.00082566534281,5.00000000001e-05
2033-12-23,5.00000000001e-05,-0.00348095006226,5.00000000001e-05
2033-12-26,5.00000000001e-05,-0.00983389210588,5.00000000001e-05
2033-12-27,5.00000000001e-05,0.00871167963117,5.00000000001e-05
2033-12-28,5.00000000001e-05,-0.00474668203986,5.00000000001e-05
2033-12-29,5.00000000001e-05,-0.00744453644629,5.00000000001e-05
2033-12-30,5.00000000001e-05,0.0218597869533,5.00000000001e-05
2034-01-02,5.00000000001e-05,0.00679470662347,5.00000000001e-05
2034-01-03,-0.0119961632415,-0.0117871207185,5.00000000001e-05
2034-01-04,0.00133819419146,-0.00368064804263,5.00000000001e-05
2034-01-05,5.00000000001e-05,0.00530678820385,5.00000000001e-05
2034-01-06,5.00000000001e-05,0.00425182788489,5.00000000001e-05
2034-01-09,0.00135498358365,0.00690657960261,5.00000000001e-05
2034-01-10,-0.0007391539161,-0.0007391539161,-0.00410459382908
2034-01-11,0.0040306205219,0.0040306205219,3.52075103349e-05
2034-01-12,-0.00135971631017,-0.00135971631017,-0.00107758156532
2034-01-13,-0.00053353294893,-0.00053353294893,-0.00053353294893
2034-01-16,0.0133875696937,0.0133875696937,0.0133875696937
2034-01-17,0.000765404942544,0.000765404942544,0.000765404942544
2034-01-18,-0.00393775849596,-0.00393775849596,-0.00393775849596
2034-01-19,-0.00157160917568,-0.00157160917568,-0.00157160917568
2034-01-20,-0.00732298776861,-0.00732298776861,-0.00732298776861
2034-01-23,-0.0091003664534,-0.0091003664534,-0.0091003664534
2034-01-24,0.000330947060936,-0.00284430692833,0.000330947060936
2034-01-25,5.00000000001e-05,-0.0161232177063,5.00000000001e-05
2034-01-26,5.00000000001e-05,-0.0149006193034,5.00000000001e-05
2034-01-27,5.00000000001e-05,-0.00855063025654,5.00000000001e-05
2034-01-30,5.00000000001e-05,-0.000509349041338,5.00000000001e-05
2034-01-31,5.00000000001e-05,0.0119525565296,5.00000000001e-05
2034-02-01,5.00000000001e-05,0.00978102425051,5.00000000001e-05
2034-02-02,5.00000000001e-05,0.0193185038895,5.00000000001e-05
2034-02-03,5.00000000001e-05,-0.000249677874758,5.00000000001e-05
2034-02-06,5.00000000001e-05,-0.000171614135515,5.00000000001e-05
2034-02-07,5.00000000001e-05,-0.00695966489571,5.00000000001e-05
2034-02-08,5.00000000001e-05,-0.0107697751616,5.00000000001e-05
2034-02-09,5.00000000001e-05,0.00669523788961,5.00000000001e-05
2034-02-10,5.00000000001e-05,-0.00811340208461,5.00000000001e-05
2034-02-13,5.00000000001e-05,-0.00451002318485,5.00000000001e-05
2034-02-14,5.00000000001e-05,-0.0128240691654,5.00000000001e-05
2034-02-15,5.00000000001e-05,-0.00730138347384,5.00000000001e-05
2034-02-16,5.00000000001e-05,-0.0121458821404,5.00000000001e-05
2034-02-17,5.00000000001e-05,-0.0171651567581,5.00000000001e-05
2034-02-20,5.00000000001e-05,0.00934584411489,5.00000000001e-05
2034-02-21,5.00000000001e-05,0.00546768474304,5.00000000001e-05
2034-02-22,5.00000000001e-05,0.0021427535933,5.00000000001e-05
2034-02-23,5.00000000001e-05,0.00883154348337,5.00000000001e-05
2034-02-24,5.00000000001e-05,-0.000507066320905,5.00000000001e-05
2034-02-27,5.00000000001e-05,0.00676084517762,5.00000000001e-05
2034-02-28,5.00000000001e-05,0.00432767055677,5.00000000001e-05
2034-03-01,5.00000000001e-05,0.022809001374,5.00000000001e-05
2034-03-02,5.00000000001e-05,0.0104227090826,5.00000000001e-05
2034-03-03,5.00000000001e-05,0.0206405209331,5.00000000001e-05
2034-03-06,-0.00240079042419,-0.000990631485904,-0.00240079042419
2034-03-07,-0.00163480993657,-0.00163480993657,-0.00163480993657
2034-03-08,-0.0127774184352,-0.0127774184352,-0.0127774184352
2034-03-09,-0.018495384758,-0.018495384758,-0.018495384758
2034-03-10,-0.00108224803305,0.00706299986815,-0.00108224803305
2034-03-13,5.00000000001e-05,-0.00129394894001,5.00000000001e-05
2034-03-14,5.00000000001e-05,0.00883702920933,5.00000000001e-05
2034-03-15,5.00000000001e-05,0.00219853508397,5.00000000001e-05
2034-03-16,5.00000000001e-05,-0.00881528026009,5.00000000001e-05
2034-03-17,5.00000000001e-05,-0.0046695687698,5.00000000001e-05
2034-03-20,5.00000000001e-05,5.43363886252e-05,5.00000000001e-05
2034-03-21,5.00000000001e-05,0.010653770411,5.00000000001e-05
2034-03-22,5.00000000001e-05,-0.00079865766468,5.00000000001e-05
2034-03-23,5.00000000001e-05,0.0127026021245,5.00000000001e-05
2034-03-24,0.00510181710369,0.00352051486744,0.00510181710369
2034-03-27,-0.0128909824345,-0.0128909824345,-0.0128909824345
2034-03-28,-0.00509530839992,0.00443911446332,-0.00509530839992
2034-03-29,-0.00831394708987,-0.0168608020105,-0.00831394708987
2034-03-30,0.00385873945926,0.00244243486093,0.00385873945926
2034-03-31,5.00000000001e-05,0.00271172450562,5.00000000001e-05
2034-04-03,5.00000000001e-05,0.00235679349418,5.00000000001e-05
2034-04-04,5.00000000001e-05,0.00326481805249,5.00000000001e-05
2034-04-05,5.00000000001e-05,0.0125977558426,5.00000000001e-05
2034-04-06,0.0053699040925,0.00768585264775,0.0053699040925
2034-04-07,-0.000171581504999,-0.000171581504999,-0.000171581504999
2034-04-10,0.00463457295667,0.00463457295667,0.00463457295667
2034-04-11,-0.00615276038137,-0.00615276038137,-0.00615276038137
2034-04-12,0.00599992168206,0.00599992168206,0.00599992168206
2034-04-13,0.0205398120701,0.0205398120701,0.0205398120701
2034-04-14,-0.00744268859948,-0.00744268859948,-0.00744268859948
2034-04-17,-0.0112859878735,-0.0112859878735,-0.0112859878735
2034-04-18,-0.00387813052758,-0.00387813052758,-0.00387813052758
2034-04-19,0.0127245636388,0.0127245636388,0.0127245636388
2034-04-20,0.00234349665269,0.00234349665269,0.00234349665269
2034-04-21,-0.0198235107089,-0.0198235107089,-0.0198235107089
2034-04-24,-0.00268849450713,-0.00268849450713,-0.00268849450713
2034-04-25,-0.00509537898092,-0.00509537898092,-0.00509537898092
2034-04-26,0.00101962900477,0.00986719823861,0.00986719823861
2034-04-27,-0.0142318159091,-0.0139886713383,-0.0139886713383
2034-04-28,0.00074320515674,-0.00570334347616,-0.00570334347616
2034-05-01,5.00000000001e-05,-0.00318767880696,-0.00829357221335
2034-05-02,5.00000000001e-05,-0.0114317477699,5.00000000001e-05
2034-05-03,5.00000000001e-05,-0.00728070487597,5.00000000001e-05
2034-05-04,5.00000000001e-05,0.00434154604317,5.00000000001e-05
2034-05-05,5.00000000001e-05,-0.00177313160816,5.00000000001e-05
2034-05-08,5.00000000001e-05,0.000928031104816,5.00000000001e-05
2034-05-09,5.00000000001e-05,-0.00663573688586,5.00000000001e-05
2034-05-10,5.00000000001e-05,0.0161833483819,5.00000000001e-05
2034-05-11,5.00000000001e-05,-0.00234901290877,5.00000000001e-05
2034-05-12,5.00000000001e-05,-0.00985633235337,5.00000000001e-05
2034-05-15,5.00000000001e-05,0.0120558729854,5.00000000001e-05
2034-05-16,5.00000000001e-05,0.00230160604372,5.00000000001e-05
2034-05-17,5.00000000001e-05,0.00575514836701,5.00000000001e-05
2034-05-18,5.00000000001e-05,-0.00164437721724,5.00000000001e-05
2034-05-19,5.00000000001e-05,-0.00900576940156,5.00000000001e-05
2034-05-22,5.00000000001e-05,-0.00237962114135,5.00000000001e-05
2034-05-23,5.00000000001e-05,0.0105579434834,5.00000000001e-05
2034-05-24,5.00000000001e-05,0.00788808067093,5.00000000001e-05
2034-05-25,5.00000000001e-05,0.000242764754039,5.00000000001e-05
2034-05-26,5.00000000001e-05,-0.0027951725821,5.00000000001e-05
2034-05-29,5.00000000001e-05,-0.00149163842276,5.00000000001e-05
2034-05-30,5.00000000001e-05,-0.0015560676154,5.00000000001e-05
2034-05-31,5.00000000001e-05,-0.0105257212089,5.00000000001e-05
2034-06-01,5.00000000001e-05,0.0132359186734,5.00000000001e-05
2034-06-02,5.00000000001e-05,0.00168891457587,5.00000000001e-05
2034-06-05,5.00000000001e-05,-0.00976213876689,5.00000000001e-05
2034-06-06,5.00000000001e-05,-0.00234618358053,5.00000000001e-05
2034-06-07,5.00000000001e-05,-0.000134315740971,5.00000000001e-05
2034-06-08,5.00000000001e-05,0.00428564360107,5.00000000001e-05
2034-06-09,5.00000000001e-05,0.000906559881777,5.00000000001e-05
2034-06-12,5.00000000001e-05,-0.0174459015368,5.00000000001e-05
2034-06-13,5.00000000001e-05,0.013304356343,5.00000000001e-05
2034-06-14,5.00000000001e-05,-0.00583318685552,5.00000000001e-05
2034-06-15,5.00000000001e-05,0.00646427479469,5.00000000001e-05
2034-06-16,5.00000000001e-05,-0.00873717976369,5.00000000001e-05
2034-06-19,5.00000000001e-05,0.00592857836035,5.00000000001e-05
2034-06-20,5.00000000001e-05,0.00598730286809,5.00000000001e-05
2034-06-21,5.00000000001e-05,0.00309430150994,5.00000000001e-05
2034-06-22,5.00000000001e-05,-0.0254130756006,5.00000000001e-05
2034-06-23,5.00000000001e-05,0.00232308217918,5.00000000001e-05
2034-06-26,5.00000000001e-05,0.0144320278073,5.00000000001e-05
2034-06-27,5.00000000001e-05,0.0275313436543,5.00000000001e-05
2034-06-28,0.00270360360927,0.0093308822752,0.00270360360927
2034-06-29,0.0180101670181,0.0180101670181,0.0180101670181
2034-06-30,-0.0031746066747,-0.0031746066747,-0.0031746066747
2034-07-03,0.00560253938708,0.00560253938708,0.00560253938708
2034-07-04,-0.00348680515503,-0.00348680515503,-0.00348680515503
2034-07-05,0.00927960487952,0.00927960487952,0.00927960487952
2034-07-06,0.00566189295571,0.00566189295571,0.00566189295571
2034-07-07,-0.0140539467707,-0.0140539467707,-0.0140539467707
2034-07-10,0.0207548106101,0.0207548106101,0.0207548106101
2034-07-11,0.0078118238386,0.0078118238386,0.0078118238386
2034-07-12,-0.0123894133698,-0.0123894133698,-0.0123894133698
2034-07-13,0.0103950532276,0.0103950532276,0.0103950532276
2034-07-14,-0.00574496673904,-0.00574496673904,-0.00574496673904
2034-07-17,-0.00277789347275,-0.00277789347275,-0.00277789347275
2034-07-18,-0.0167774935145,-0.0167774935145,-0.0167774935145
2034-07-19,-0.0029173523528,-0.0029173523528,-0.0029173523528
2034-07-20,-0.00736623151637,-0.00736623151637,-0.00736623151637
2034-07-21,0.0149598212461,0.0149598212461,0.0149598212461
2034-07-24,0.00410447132498,0.00410447132498,0.00410447132498
2034-07-25,0.00337195139756,0.00337195139756,0.00337195139756
2034-07-26,-0.00269555767629,-0.00269555767629,-0.00269555767629
2034-07-27,0.00630181109493,0.00630181109493,0.00630181109493
2034-07-28,0.00310772941335,0.00310772941335,0.00310772941335
2034-07-31,-0.000478582195911,-0.000478582195911,-0.000478582195911
2034-08-01,-0.00705222789741,-0.00705222789741,-0.00705222789741
2034-08-02,0.0126094623802,0.0126094623802,0.0126094623802
2034-08-03,-0.0160548989864,-0.0160548989864,-0.0160548989864
2034-08-04,-0.00310852921563,-0.00310852921563,-0.00310852921563
2034-08-07,-0.00512649762021,-0.00512649762021,-0.00512649762021
2034-08-08,-0.0046255780451,-0.0046255780451,-0.0046255780451
2034-08-09,-0.00171056242737,-0.00171056242737,-0.00171056242737
2034-08-10,0.00197132878054,0.00197132878054,0.00197132878054
2034-08-11,-0.00905718776195,-0.00905718776195,-0.00905718776195
2034-08-14,0.00473928698842,0.00473928698842,0.00473928698842
2034-08-15,0.00909836172695,0.00909836172695,0.00909836172695
2034-08-16,0.00322729385822,0.00322729385822,0.00322729385822
2034-08-17,-0.00642814282694,-0.00642814282694,-0.00642814282694
2034-08-18,0.00823103363287,0.00823103363287,0.00823103363287
2034-08-21,-0.00471497500012,-0.00471497500012,-0.00471497500012
2034-08-22,-0.00132994004583,-0.00132994004583,-0.00132994004583
2034-08-23,0.00194901421039,0.00194901421039,0.00194901421039
2034-08-24,0.00376844671547,0.00376844671547,0.00376844671547
2034-08-25,-0.00182621563999,-0.00182621563999,-0.00182621563999
2034-08-28,0.00532581634956,0.00532581634956,0.00532581634956
2034-08-29,-0.016287653196,-0.016287653196,-0.016287653196
2034-08-30,-2.85968921298e-05,-2.85968921298e-05,-2.85968921298e-05
2034-08-31,0.000275433383468,0.000275433383468,0.000275433383468
2034-09-01,0.00869901626209,0.00869901626209,0.00869901626209
2034-09-04,0.0150415872804,0.0150415872804,0.0150415872804
2034-09-05,0.00312110937269,0.00312110937269,0.00312110937269
2034-09-06,-0.00353481725524,-0.00353481725524,-0.00353481725524
2034-09-07,-0.00282142073244,-0.00282142073244,-0.00282142073244
2034-09-08,0.00485465476861,0.00485465476861,0.00485465476861
2034-09-11,0.0221730145287,0.0221730145287,0.0221730145287
2034-09-12,0.0142611057073,0.0142611057073,0.0142611057073
2034-09-13,0.00573157134139,0.00573157134139,0.00573157134139
2034-09-14,0.0196892786189,0.0196892786189,0.0196892786189
2034-09-15,0.0039802390927,0.0039802390927,0.0039802390927
2034-09-18,0.00582647122177,0.00582647122177,0.00582647122177
2034-09-19,0.00614453281576,0.00614453281576,0.00614453281576
2034-09-20,-0.0168148152065,-0.0168148152065,-0.0168148152065
2034-09-21,0.0109516446138,0.0109516446138,0.0109516446138
2034-09-22,-0.00212725408631,-0.00212725408631,-0.00212725408631
2034-09-25,-0.00255130501219,-0.00255130501219,-0.00255130501219
2034-09-26,-0.0103403724731,-0.0103403724731,-0.0103403724731
2034-09-27,-0.00509392975854,-0.00509392975854,-0.00509392975854
2034-09-28,-0.00861005478621,-0.00861005478621,-0.00861005478621
2034-09-29,0.0038378137354,0.0038378137354,0.0038378137354
2034-10-02,0.00200569379277,0.00200569379277,0.00200569379277
2034-10-03,-0.00570449503007,-0.00570449503007,-0.00570449503007
2034-10-04,0.00398748483173,0.00398748483173,0.00398748483173
2034-10-05,0.00237458792113,0.00237458792113,0.00237458792113
2034-10-06,0.0136371272616,0.0136371272616,0.0136371272616
2034-10-09,0.00913058689493,0.00913058689493,0.00913058689493
2034-10-10,-0.000415149342826,-0.000415149342826,-0.000415149342826
2034-10-11,-0.00351073500432,-0.00351073500432,-0.00351073500432
2034-10-12,-0.0109795685954,-0.0109795685954,-0.0109795685954
2034-10-13,0.00508906396626,0.00508906396626,0.00508906396626
2034-10-16,0.00436207818764,0.00436207818764,0.00436207818764
2034-10-17,-0.00622272645349,-0.00622272645349,-0.00622272645349
2034-10-18,-0.00378575677443,-0.00378575677443,-0.00378575677443
2034-10-19,0.00232163854946,0.00232163854946,0.00232163854946
2034-10-20,-0.00704496137569,-0.00704496137569,-0.00704496137569
2034-10-23,0.0092637269841,0.0092637269841,0.0092637269841
2034-10-24,-0.011451837411,-0.011451837411,-0.011451837411
2034-10-25,-0.00520281408654,-0.00520281408654,-0.00520281408654
2034-10-26,-0.00802484063193,-0.00802484063193,-0.00802484063193
2034-10-27,0.0260911355416,0.0260911355416,0.0260911355416
2034-10-30,0.000336404983302,0.000336404983302,0.000336404983302
2034-10-31,0.00886176042226,0.00886176042226,0.00886176042226
2034-11-01,-0.00264945236519,-0.00264945236519,-0.00264945236519
2034-11-02,0.0126839333164,0.0126839333164,0.0126839333164
2034-11-03,-0.0143381216672,-0.0143381216672,-0.0143381216672
2034-11-06,-0.0036152703156,-0.0036152703156,-0.0036152703156
2034-11-07,0.0123262634539,0.0123262634539,0.0123262634539
2034-11-08,0.0163815589992,0.0163815589992,0.0163815589992
2034-11-09,0.0116105384293,0.0116105384293,0.0116105384293
2034-11-10,0.00458725118677,0.00458725118677,0.00458725118677
2034-11-13,-0.0165634054859,-0.0165634054859,-0.0165634054859
2034-11-14,-0.0030458736336,-0.0030458736336,-0.0030458736336
2034-11-15,-0.00371558652555,-0.00371558652555,-0.00371558652555
2034-11-16,-0.00388438546393,-0.00388438546393,-0.00388438546393
2034-11-17,-9.83329451218e-05,-9.83329451218e-05,-9.83329451218e-05
2034-11-20,0.00396481017826,0.00396481017826,0.00396481017826
2034-11-21,0.0118305402058,0.0118305402058,0.0118305402058
2034-11-22,0.0057625346498,0.0057625346498,0.0057625346498
2034-11-23,-0.00630673192806,-0.00630673192806,-0.00630673192806
2034-11-24,0.00743286691626,0.00743286691626,0.00743286691626
2034-11-27,-0.011132394819,-0.011132394819,-0.011132394819
2034-11-28,-0.013857792122,-0.013857792122,-0.013857792122
2034-11-29,0.00513676984844,0.00513676984844,0.00513676984844
2034-11-30,-0.00177557211176,-0.00177557211176,-0.00177557211176
2034-12-01,0.00248118940716,0.00248118940716,0.00248118940716
2034-12-04,-0.0125549516866,-0.0125549516866,-0.0125549516866
2034-12-05,0.00220425305169,0.00220425305169,0.00220425305169
2034-12-06,-0.0118117095049,-0.0118117095049,-0.0118117095049
2034-12-07,-0.00800483348141,-0.00800483348141,-0.00800483348141
2034-12-08,0.0178982566602,0.0178982566602,0.0178982566602
2034-12-11,0.0016129138927,0.0016129138927,0.0016129138927
2034-12-12,0.0021930878587,0.0021930878587,0.0021930878587
2034-12-13,-0.00140173515298,-0.00140173515298,-0.00140173515298
2034-12-14,-0.00818679159413,-0.00818679159413,-0.00818679159413
2034-12-15,-0.00121359239071,-0.00121359239071,-0.00121359239071
2034-12-18,0.00630052256912,0.00630052256912,0.00630052256912
2034-12-19,-0.00480904789329,-0.00480904789329,-0.00480904789329
2034-12-20,-0.00407706505541,-0.00407706505541,-0.00407706505541
2034-12-21,0.0148620633732,0.0148620633732,0.0148620633732
2034-12-22,0.0138033758405,0.0138033758405,0.0138033758405
2034-12-25,0.0141860586262,0.0141860586262,0.0141860586262
2034-12-26,-0.0118572765143,-0.0118572765143,-0.0118572765143
2034-12-27,-0.00893131869976,-0.00893131869976,-0.00893131869976
2034-12-28,-0.0233726078431,-0.0233726078431,-0.0233726078431
2034-12-29,-0.00826186588229,-0.00826186588229,-0.00826186588229
2035-01-01,0.00374163740481,0.00374163740481,0.00374163740481
2035-01-02,-0.00940572996518,-0.00940572996518,-0.00940572996518
2035-01-03,-0.0107077709458,-0.0107077709458,-0.0107077709458
2035-01-04,-0.00679555309445,-0.00679555309445,-0.00679555309445
2035-01-05,-0.00352189264869,-0.00352189264869,-0.00352189264869
2035-01-08,-0.0104097004792,-0.0104097004792,-0.0104097004792
2035-01-09,-0.00606417756989,-0.00606417756989,-0.00606417756989
2035-01-10,0.00405048252999,0.0169267535917,0.0169267535917
2035-01-11,-0.00355755412491,0.0026287151722,0.0026287151722
2035-01-12,0.0168560317474,0.0168560317474,0.0168560317474
2035-01-15,-0.0155189875576,-0.0155189875576,-0.0155189875576
2035-01-16,0.00493413418622,0.00493413418622,0.00493413418622
2035-01-17,0.013897711311,0.013897711311,0.013897711311
2035-01-18,-0.00350008694994,-0.00350008694994,-0.00350008694994
2035-01-19,0.00212627229301,0.00212627229301,0.00212627229301
2035-01-22,-0.00823261107212,-0.00823261107212,-0.00823261107212
2035-01-23,0.00681555383899,0.00681555383899,0.00681555383899
2035-01-24,-0.00534999782462,-0.00534999782462,-0.00534999782462
2035-01-25,-0.00697454980447,-0.00697454980447,-0.00697454980447
2035-01-26,0.00322569662677,0.00322569662677,0.00322569662677
2035-01-29,0.00687625242603,0.00687625242603,0.00687625242603
2035-01-30,-0.0037246580809,-0.0037246580809,-0.0037246580809
2035-01-31,0.00185631141273,0.00185631141273,0.00185631141273
2035-02-01,-0.0028303065786,-0.0028303065786,-0.0028303065786
2035-02-02,-0.00997271984171,-0.00997271984171,-0.00997271984171
2035-02-05,-0.0189730859898,-0.0189730859898,-0.0189730859898
2035-02-06,-0.00139911458845,-0.0120744250488,-0.0120744250488
2035-02-07,5.00000000001e-05,-0.0033214340382,-0.00300397034305
2035-02-08,5.00000000001e-05,-0.00655268763425,5.00000000001e-05
2035-02-09,5.00000000001e-05,0.0135496494154,5.00000000001e-05
2035-02-12,5.00000000001e-05,0.00120493710654,5.00000000001e-05
2035-02-13,5.00000000001e-05,0.00573334460134,5.00000000001e-05
2035-02-14,5.00000000001e-05,0.0227458259891,0.0173321636021
2035-02-15,-0.0135426357789,-0.0118864720051,-0.0118864720051
2035-02-16,-0.0142830444186,-0.012486499784,-0.012486499784
2035-02-19,5.00000000001e-05,-0.00150400691582,0.0012659391162
2035-02-20,5.00000000001e-05,0.000528591800998,5.00000000001e-05
2035-02-21,5.00000000001e-05,0.00691202539803,5.00000000001e-05
2035-02-22,5.00000000001e-05,0.0088026118894,0.0103493039748
2035-02-23,5.00000000001e-05,0.00398035078872,0.00398035078872
2035-02-26,-0.0224750790888,-0.0233229580244,-0.0233229580244
2035-02-27,0.00433320770243,0.0126719533865,0.00433320770243
2035-02-28,5.00000000001e-05,-0.0070896234657,-0.00177774405548
2035-03-01,5.00000000001e-05,0.00502574924426,0.0057027671479
2035-03-02,5.00000000001e-05,-0.000495938276455,-0.00316601499443
2035-03-05,5.00000000001e-05,0.00581033770392,0.00581033770392
2035-03-06,5.00000000001e-05,0.0124954307577,0.0124954307577
2035-03-07,-0.00669511118039,-0.0124407887611,-0.0124407887611
2035-03-08,-0.00265094125765,-0.0111555151669,-0.0111555151669
2035-03-09,5.00000000001e-05,-0.000804137376725,-0.00384678156224
2035-03-12,5.00000000001e-05,-0.0311191866796,5.00000000001e-05
2035-03-13,5.00000000001e-05,0.00114586111411,5.00000000001e-05
2035-03-14,5.00000000001e-05,0.0119554189888,5.00000000001e-05
2035-03-15,5.00000000001e-05,0.00548090642007,5.00000000001e-05
2035-03-16,5.00000000001e-05,-0.00836812166364,5.00000000001e-05
2035-03-19,5.00000000001e-05,0.0025122213533,5.00000000001e-05
2035-03-20,5.00000000001e-05,0.00181011859046,5.00000000001e-05
2035-03-21,5.00000000001e-05,0.0140167410108,5.00000000001e-05
2035-03-22,5.00000000001e-05,-0.0154769857573,5.00000000001e-05
2035-03-23,5.00000000001e-05,0.00343657142399,5.00000000001e-05
2035-03-26,5.00000000001e-05,-0.0152955926061,5.00000000001e-05
2035-03-27,5.00000000001e-05,-0.00475267301206,5.00000000001e-05
2035-03-28,5.00000000001e-05,0.0039483858026,5.00000000001e-05
2035-03-29,5.00000000001e-05,-0.0117111480745,5.00000000001e-05
2035-03-30,5.00000000001e-05,0.00290145086019,5.00000000001e-05
2035-04-02,5.00000000001e-05,0.00588216857844,5.00000000001e-05
2035-04-03,5.00000000001e-05,-0.00111977498526,5.00000000001e-05
2035-04-04,5.00000000001e-05,0.00150924546033,5.00000000001e-05
2035-04-05,5.00000000001e-05,0.00502119740067,5.00000000001e-05
2035-04-06,5.00000000001e-05,-0.00482937435957,5.00000000001e-05
2035-04-09,5.00000000001e-05,-0.0124316456315,5.00000000001e-05
2035-04-10,5.00000000001e-05,0.00112120402041,5.00000000001e-05
2035-04-11,5.00000000001e-05,-0.00303810950946,5.00000000001e-05
2035-04-12,5.00000000001e-05,0.00224722508567,5.00000000001e-05
2035-04-13,5.00000000001e-05,0.0125880508713,5.00000000001e-05
2035-04-16,5.00000000001e-05,0.018862967836,5.00000000001e-05
2035-04-17,5.00000000001e-05,0.00324366527397,5.00000000001e-05
2035-04-18,5.00000000001e-05,0.00614885600809,5.00000000001e-05
2035-04-19,5.00000000001e-05,0.00174614065352,5.00000000001e-05
2035-04-20,5.00000000001e-05,-0.0190104292072,5.00000000001e-05
2035-04-23,5.00000000001e-05,-0.00947303452229,5.00000000001e-05
2035-04-24,5.00000000001e-05,-0.00253097990721,5.00000000001e-05
2035-04-25,5.00000000001e-05,0.00373208484444,5.00000000001e-05
2035-04-26,5.00000000001e-05,-0.00333680052292,5.00000000001e-05
2035-04-27,5.00000000001e-05,-0.0217940933085,5.00000000001e-05
2035-04-30,5.00000000001e-05,0.00558240048677,5.00000000001e-05
2035-05-01,5.00000000001e-05,0.00121017036155,5.00000000001e-05
2035-05-02,5.00000000001e-05,0.0129755448371,5.00000000001e-05
2035-05-03,5.00000000001e-05,-0.0020383024058,5.00000000001e-05
2035-05-04,5.00000000001e-05,-0.0158671688128,5.00000000001e-05
2035-05-07,5.00000000001e-05,-0.00164896672631,5.00000000001e-05
2035-05-08,5.00000000001e-05,0.00131672762418,5.00000000001e-05
2035-05-09,5.00000000001e-05,8.19505864835e-05,5.00000000001e-05
2035-05-10,5.00000000001e-05,0.00701057231089,5.00000000001e-05
2035-05-11,5.00000000001e-05,-0.00994652550641,5.00000000001e-05
2035-05-14,5.00000000001e-05,-0.0025656156449,5.00000000001e-05
2035-05-15,5.00000000001e-05,-0.0270343059481,5.00000000001e-05
2035-05-16,5.00000000001e-05,0.011306105437,5.00000000001e-05
2035-05-17,5.00000000001e-05,-0.0111212609792,5.00000000001e-05
2035-05-18,5.00000000001e-05,-0.00799962712946,5.00000000001e-05
2035-05-21,5.00000000001e-05,-0.00635305277909,5.00000000001e-05
2035-05-22,5.00000000001e-05,0.000155062982584,5.00000000001e-05
2035-05-23,5.00000000001e-05,0.000409394921466,5.00000000001e-05
2035-05-24,5.00000000001e-05,0.000677641738768,5.00000000001e-05
2035-05-25,5.00000000001e-05,0.0131958373997,5.00000000001e-05
2035-05-28,5.00000000001e-05,-0.010264463402,5.00000000001e-05
2035-05-29,5.00000000001e-05,-0.0210268886104,5.00000000001e-05
2035-05-30,5.00000000001e-05,-0.00500115681194,5.00000000001e-05
2035-05-31,5.00000000001e-05,-0.0111496589072,5.00000000001e-05
2035-06-01,5.00000000001e-05,-0.0177923001837,5.00000000001e-05
2035-06-04,5.00000000001e-05,-0.0159262095337,5.00000000001e-05
2035-06-05,5.00000000001e-05,-0.0183445642929,5.00000000001e-05
2035-06-06,5.00000000001e-05,0.00282540256255,5.00000000001e-05
2035-06-07,5.00000000001e-05,0.00952759392267,5.00000000001e-05
2035-06-08,5.00000000001e-05,0.00442480844325,5.00000000001e-05
2035-06-11,5.00000000001e-05,-0.00627633069621,5.00000000001e-05
2035-06-12,5.00000000001e-05,0.00821927889894,5.00000000001e-05
2035-06-13,5.00000000001e-05,-0.0150640477043,5.00000000001e-05
2035-06-14,5.00000000001e-05,-0.010571425111,5.00000000001e-05
2035-06-15,5.00000000001e-05,0.00412932444938,5.00000000001e-05
2035-06-18,5.00000000001e-05,0.00994798166221,5.00000000001e-05
2035-06-19,5.00000000001e-05,-0.00342354244356,5.00000000001e-05
2035-06-20,5.00000000001e-05,-0.00209958367884,5.00000000001e-05
2035-06-21,5.00000000001e-05,-0.00796687741612,5.00000000001e-05
2035-06-22,5.00000000001e-05,-0.00854857139753,5.00000000001e-05
2035-06-25,5.00000000001e-05,0.00686560647141,5.00000000001e-05
2035-06-26,5.00000000001e-05,0.000704515115177,5.00000000001e-05
2035-06-27,5.00000000001e-05,-0.00540595078104,5.00000000001e-05
2035-06-28,5.00000000001e-05,0.003232997171,5.00000000001e-05
2035-06-29,5.00000000001e-05,-0.00147740987675,5.00000000001e-05
2035-07-02,5.00000000001e-05,-0.0112404085868,5.00000000001e-05
2035-07-03,5.00000000001e-05,0.0106770028667,5.00000000001e-05
2035-07-04,5.00000000001e-05,0.00296325883872,5.00000000001e-05
2035-07-05,5.00000000001e-05,0.00655984458694,5.00000000001e-05
2035-07-06,5.00000000001e-05,-0.00236596506454,5.00000000001e-05
2035-07-09,5.00000000001e-05,-0.0128924139759,5.00000000001e-05
2035-07-10,5.00000000001e-05,0.00646032811212,5.00000000001e-05
2035-07-11,5.00000000001e-05,0.0124296093289,5.00000000001e-05
2035-07-12,5.00000000001e-05,-0.00848803145698,5.00000000001e-05
2035-07-13,5.00000000001e-05,0.00851281731149,5.00000000001e-05
2035-07-16,5.00000000001e-05,0.000148278751361,5.00000000001e-05
2035-07-17,5.00000000001e-05,0.00446395986365,5.00000000001e-05
2035-07-18,5.00000000001e-05,-0.00735904346008,5.00000000001e-05
2035-07-19,5.00000000001e-05,0.011087762253,5.00000000001e-05
2035-07-20,5.00000000001e-05,0.0167658995934,5.00000000001e-05
2035-07-23,5.00000000001e-05,-0.00629553220715,5.00000000001e-05
2035-07-24,5.00000000001e-05,-0.000359725117034,5.00000000001e-05
2035-07-25,5.00000000001e-05,-0.0023876867417,5.00000000001e-05
2035-07-26,5.00000000001e-05,-0.0085344534807,5.00000000001e-05
2035-07-27,5.00000000001e-05,0.000397523050261,5.00000000001e-05
2035-07-30,5.00000000001e-05,-0.0112608996903,5.00000000001e-05
2035-07-31,5.00000000001e-05,4.88105403003e-05,5.00000000001e-05
2035-08-01,5.00000000001e-05,0.00203350035715,5.00000000001e-05
2035-08-02,5.00000000001e-05,-0.0131496968743,5.00000000001e-05
2035-08-03,5.00000000001e-05,-0.00277270037717,5.00000000001e-05
2035-08-06,5.00000000001e-05,0.004524763686,5.00000000001e-05
2035-08-07,5.00000000001e-05,-0.00348522682382,5.00000000001e-05
2035-08-08,5.00000000001e-05,-0.00091696291397,5.00000000001e-05
2035-08-09,5.00000000001e-05,0.00698613000322,5.00000000001e-05
2035-08-10,5.00000000001e-05,-0.0107223311461,5.00000000001e-05
2035-08-13,5.00000000001e-05,-0.00427937444899,5.00000000001e-05
2035-08-14,5.00000000001e-05,0.0150046264902,5.00000000001e-05
2035-08-15,5.00000000001e-05,0.00782748538999,5.00000000001e-05
2035-08-16,5.00000000001e-05,0.00308313656411,5.00000000001e-05
2035-08-17,5.00000000001e-05,-0.000758398804709,5.00000000001e-05
2035-08-20,5.00000000001e-05,-0.0017011288381,5.00000000001e-05
2035-08-21,5.00000000001e-05,-0.000604013939147,5.00000000001e-05
2035-08-22,5.00000000001e-05,0.0010972958284,5.00000000001e-05
2035-08-23,5.00000000001e-05,-0.00284983978181,5.00000000001e-05
2035-08-24,5.00000000001e-05,0.0107927063176,5.00000000001e-05
2035-08-27,5.00000000001e-05,-0.00907552146078,5.00000000001e-05
2035-08-28,5.00000000001e-05,0.00199477555869,5.00000000001e-05
2035-08-29,5.00000000001e-05,-0.00744875369751,5.00000000001e-05
2035-08-30,5.00000000001e-05,0.0204038370717,5.00000000001e-05
2035-08-31,5.00000000001e-05,0.0141048879408,5.00000000001e-05
2035-09-03,5.00000000001e-05,-0.0144254164788,5.00000000001e-05
2035-09-04,5.00000000001e-05,-0.000508362319948,5.00000000001e-05
2035-09-05,5.00000000001e-05,-0.00592017817393,5.00000000001e-05
2035-09-06,5.00000000001e-05,0.00133468786012,5.00000000001e-05
2035-09-07,5.00000000001e-05,-0.0180708951087,5.00000000001e-05
2035-09-10,5.00000000001e-05,-0.00233195444802,5.00000000001e-05
2035-09-11,5.00000000001e-05,0.00646417467481,5.00000000001e-05
2035-09-12,5.00000000001e-05,0.00525039658209,5.00000000001e-05
2035-09-13,5.00000000001e-05,-0.00494115688309,5.00000000001e-05
2035-09-14,5.00000000001e-05,-0.00477522389248,5.00000000001e-05
2035-09-17,5.00000000001e-05,-0.0195719874049,5.00000000001e-05
2035-09-18,5.00000000001e-05,0.00430290989641,5.00000000001e-05
2035-09-19,5.00000000001e-05,0.00596570957373,5.00000000001e-05
2035-09-20,5.00000000001e-05,0.0138015292686,5.00000000001e-05
2035-09-21,5.00000000001e-05,-0.000419374277432,5.00000000001e-05
2035-09-24,5.00000000001e-05,0.0146650734507,5.00000000001e-05
2035-09-25,5.00000000001e-05,-0.00324741724553,5.00000000001e-05
2035-09-26,5.00000000001e-05,0.00888529121565,5.00000000001e-05
2035-09-27,5.00000000001e-05,0.00668022698791,5.00000000001e-05
2035-09-28,5.00000000001e-05,0.0231601183343,5.00000000001e-05
2035-10-01,5.00000000001e-05,0.00602789640047,5.00000000001e-05
2035-10-02,5.00000000001e-05,0.0129644389902,5.00000000001e-05
2035-10-03,5.00000000001e-05,0.00929655487512,5.00000000001e-05
2035-10-04,5.00000000001e-05,0.0150949177794,5.00000000001e-05
2035-10-05,5.00000000001e-05,-0.00877693433715,5.00000000001e-05
2035-10-08,5.00000000001e-05,-0.0131108478333,5.00000000001e-05
2035-10-09,5.00000000001e-05,-0.00507463819858,5.00000000001e-05
2035-10-10,5.00000000001e-05,0.00203466496794,5.00000000001e-05
2035-10-11,5.00000000001e-05,0.00316780023618,5.00000000001e-05
2035-10-12,5.00000000001e-05,0.00735172687159,5.00000000001e-05
2035-10-15,5.00000000001e-05,0.00203633743801,5.00000000001e-05
2035-10-16,5.00000000001e-05,0.00934346841364,5.00000000001e-05
2035-10-17,5.00000000001e-05,-0.00299225157784,5.00000000001e-05
2035-10-18,5.00000000001e-05,0.0150442810759,5.00000000001e-05
2035-10-19,0.00263099563582,-1.09636222952e-05,5.00000000001e-05
2035-10-22,-0.0181987314319,-0.0181987314319,5.00000000001e-05
2035-10-23,0.00188296884891,0.0025687643248,5.00000000001e-05
2035-10-24,5.00000000001e-05,0.0183394349054,5.00000000001e-05
2035-10-25,0.0123621646395,0.0136121440238,5.00000000001e-05
2035-10-26,-0.0135156144252,-0.0135156144252,5.00000000001e-05
2035-10-29,0.00280107437769,0.00280107437769,5.00000000001e-05
2035-10-30,0.00426302224166,0.00426302224166,5.00000000001e-05
2035-10-31,-0.00210885628956,-0.00210885628956,5.00000000001e-05
2035-11-01,0.000694452488508,0.000694452488508,5.00000000001e-05
2035-11-02,0.0145948783423,0.0145948783423,5.00000000001e-05
2035-11-05,-0.00150918703335,-0.00150918703335,5.00000000001e-05
2035-11-06,-0.019974941086,-0.019974941086,5.00000000001e-05
2035-11-07,-0.00635066962416,-0.00635066962416,5.00000000001e-05
2035-11-08,-0.0198861985427,-0.0198861985427,5.00000000001e-05
2035-11-09,1.05198068352e-05,-0.00878250032727,5.00000000001e-05
2035-11-12,5.00000000001e-05,-0.00155171338743,5.00000000001e-05
2035-11-13,5.00000000001e-05,-0.00570363994553,5.00000000001e-05
2035-11-14,5.00000000001e-05,-0.00552844675783,5.00000000001e-05
2035-11-15,5.00000000001e-05,0.00334946343107,5.00000000001e-05
2035-11-16,5.00000000001e-05,0.00444564146471,5.00000000001e-05
2035-11-19,5.00000000001e-05,-0.00438981781986,5.00000000001e-05
2035-11-20,5.00000000001e-05,-0.00480355225371,5.00000000001e-05
2035-11-21,5.00000000001e-05,-0.00788871268987,5.00000000001e-05
2035-11-22,5.00000000001e-05,-0.0168565916323,5.00000000001e-05
2035-11-23,5.00000000001e-05,0.00371340922692,5.00000000001e-05
2035-11-26,5.00000000001e-05,-0.00131206601196,5.00000000001e-05
2035-11-27,5.00000000001e-05,0.00241172152279,5.00000000001e-05
2035-11-28,5.00000000001e-05,-0.0146168716367,5.00000000001e-05
2035-11-29,5.00000000001e-05,-0.00764070691585,5.00000000001e-05
2035-11-30,5.00000000001e-05,-0.00481045052154,5.00000000001e-05
2035-12-03,5.00000000001e-05,-0.0106402703479,5.00000000001e-05
2035-12-04,5.00000000001e-05,-0.0308001519888,5.00000000001e-05
2035-12-05,5.00000000001e-05,0.00540350281575,5.00000000001e-05
2035-12-06,5.00000000001e-05,-0.00543426102922,5.00000000001e-05
2035-12-07,5.00000000001e-05,-0.000937871647958,5.00000000001e-05
2035-12-10,5.00000000001e-05,0.0172250938005,5.00000000001e-05
2035-12-11,5.00000000001e-05,-0.0107397634508,5.00000000001e-05
2035-12-12,5.00000000001e-05,0.00040868173973,5.00000000001e-05
2035-12-13,5.00000000001e-05,0.00746360749436,5.00000000001e-05
2035-12-14,5.00000000001e-05,0.0151278923329,5.00000000001e-05
2035-12-17,5.00000000001e-05,-0.00350479801666,5.00000000001e-05
2035-12-18,5.00000000001e-05,0.00848359632328,5.00000000001e-05
2035-12-19,5.00000000001e-05,-0.016366756685,5.00000000001e-05
2035-12-20,5.00000000001e-05,0.00492993879913,5.00000000001e-05
2035-12-21,5.00000000001e-05,0.0144251024429,5.00000000001e-05
2035-12-24,5.00000000001e-05,-0.0187985916978,5.00000000001e-05
2035-12-25,5.00000000001e-05,-0.00882859463466,5.00000000001e-05
2035-12-26,5.00000000001e-05,-0.00464567793499,5.00000000001e-05
2035-12-27,5.00000000001e-05,0.000761630595558,5.00000000001e-05
2035-12-28,5.00000000001e-05,0.00353390227408,5.00000000001e-05
2035-12-31,5.00000000001e-05,-0.00142733571009,5.00000000001e-05
2036-01-01,5.00000000001e-05,0.00402068882157,5.00000000001e-05
2036-01-02,5.00000000001e-05,-0.0165605798397,5.00000000001e-05
2036-01-03,5.00000000001e-05,0.0170305873712,5.00000000001e-05
2036-01-04,5.00000000001e-05,0.0180735228096,5.00000000001e-05
2036-01-07,5.00000000001e-05,-0.0115784455254,5.00000000001e-05
2036-01-08,5.00000000001e-05,-0.0201147623956,5.00000000001e-05
2036-01-09,5.00000000001e-05,-0.00394265093928,5.00000000001e-05
2036-01-10,5.00000000001e-05,0.00702842794725,5.00000000001e-05
2036-01-11,5.00000000001e-05,-0.0028259575094,5.00000000001e-05
2036-01-14,5.00000000001e-05,-0.00708869794866,5.00000000001e-05
2036-01-15,5.00000000001e-05,0.000959039292444,5.00000000001e-05
2036-01-16,5.00000000001e-05,-0.00592277926577,5.00000000001e-05
2036-01-17,5.00000000001e-05,-0.0137027144157,5.00000000001e-05
2036-01-18,5.00000000001e-05,0.0070806919112,5.00000000001e-05
2036-01-21,5.00000000001e-05,0.00169872366797,5.00000000001e-05
2036-01-22,5.00000000001e-05,-0.0227494240091,5.00000000001e-05
2036-01-23,5.00000000001e-05,0.0119935005355,5.00000000001e-05
2036-01-24,5.00000000001e-05,0.00491468595846,5.00000000001e-05
2036-01-25,5.00000000001e-05,-0.0065900619017,5.00000000001e-05
2036-01-28,5.00000000001e-05,0.0144553153423,5.00000000001e-05
2036-01-29,5.00000000001e-05,0.027979839754,5.00000000001e-05
2036-01-30,5.00000000001e-05,-0.0151223477283,5.00000000001e-05
2036-01-31,5.00000000001e-05,-0.0037565071307,5.00000000001e-05
2036-02-01,5.00000000001e-05,-0.00497039463947,5.00000000001e-05
2036-02-04,5.00000000001e-05,-0.0120567862075,5.00000000001e-05
2036-02-05,5.00000000001e-05,0.0150195661947,5.00000000001e-05
2036-02-06,5.00000000001e-05,-0.00553578286175,5.00000000001e-05
2036-02-07,5.00000000001e-05,0.0103291305062,5.00000000001e-05
2036-02-08,5.00000000001e-05,-0.00633627438926,5.00000000001e-05
2036-02-11,5.00000000001e-05,-0.0124837279863,5.00000000001e-05
2036-02-12,5.00000000001e-05,-0.00183240716672,5.00000000001e-05
2036-02-13,5.00000000001e-05,0.00726337271748,5.00000000001e-05
2036-02-14,5.00000000001e-05,0.00258124085583,5.00000000001e-05
2036-02-15,5.00000000001e-05,0.00885029491498,5.00000000001e-05
2036-02-18,5.00000000001e-05,0.00198566658116,5.00000000001e-05
2036-02-19,5.00000000001e-05,0.0283991253294,5.00000000001e-05
2036-02-20,5.00000000001e-05,0.0101393581096,5.00000000001e-05
2036-02-21,5.00000000001e-05,0.00243921267415,5.00000000001e-05
2036-02-22,5.00000000001e-05,0.00456187381472,5.00000000001e-05
2036-02-25,5.00000000001e-05,-0.00725916978372,5.00000000001e-05
2036-02-26,5.00000000001e-05,0.00817309365931,5.00000000001e-05
2036-02-27,5.00000000001e-05,0.0175177074643,5.00000000001e-05
2036-02-28,-0.0131155925998,-0.00485867822501,5.00000000001e-05
2036-02-29,0.00707696023469,0.00707696023469,5.00000000001e-05
2036-03-03,0.0120333134181,0.0120333134181,5.00000000001e-05
2036-03-04,0.00420489410536,0.00420489410536,5.00000000001e-05
2036-03-05,0.000473740353481,0.000473740353481,5.00000000001e-05
2036-03-06,0.00539799953884,0.00539799953884,5.00000000001e-05
2036-03-07,0.00704618306795,0.00704618306795,0.0016417118177
2036-03-10,-0.0186661282281,-0.0186661282281,-0.0186661282281
2036-03-11,0.00129617882073,0.00129617882073,0.00160757818847
2036-03-12,-0.0198290041046,-0.0198290041046,5.00000000001e-05
2036-03-13,0.0109828234442,0.0109828234442,5.00000000001e-05
2036-03-14,0.0132268660112,0.0132268660112,5.00000000001e-05
2036-03-17,-0.0112578578956,-0.0112578578956,-0.0101198897498
2036-03-18,0.00396319504431,0.00396319504431,-0.00083684982084
2036-03-19,0.0143050698736,0.0143050698736,5.00000000001e-05
2036-03-20,-0.0133100137339,-0.0133100137339,-0.0136230963765
2036-03-21,0.00467470068836,0.00467470068836,0.00240053389559
2036-03-24,0.00183666891303,0.00183666891303,0.000314116650195
2036-03-25,-0.00497276681638,-0.00497276681638,-0.00497276681638
2036-03-26,0.00775599762527,0.00775599762527,0.00775599762527
2036-03-27,0.0145471710244,0.0145471710244,0.0145471710244
2036-03-28,-0.00711302477646,-0.00711302477646,-0.00711302477646
2036-03-31,0.00427878355617,0.00427878355617,0.00427878355617
2036-04-01,-0.0078622550464,-0.0078622550464,-0.0078622550464
2036-04-02,0.0224794243988,0.0224794243988,0.0224794243988
2036-04-03,0.00482083157831,0.00482083157831,0.00482083157831
2036-04-04,-0.015215213789,-0.015215213789,-0.015215213789
2036-04-07,-0.00697754100039,-0.00697754100039,-0.00697754100039
2036-04-08,0.0149058813873,0.0149058813873,0.0149058813873
2036-04-09,0.0142513771644,0.0142513771644,0.0142513771644
2036-04-10,0.0227632250136,0.0227632250136,0.0227632250136
2036-04-11,-0.0201344943378,-0.0201344943378,-0.0201344943378
2036-04-14,-0.0142309512936,-0.0142309512936,-0.0142309512936
2036-04-15,0.00144609494368,0.00144609494368,0.00144609494368
2036-04-16,0.00448264945044,0.00448264945044,0.00448264945044
2036-04-17,0.0124468365111,0.0124468365111,0.0124468365111
2036-04-18,-0.00113781436399,-0.00113781436399,-0.00113781436399
2036-04-21,-0.00474900404045,-0.00474900404045,-0.00474900404045
2036-04-22,-0.00627022662726,-0.00627022662726,-0.00627022662726
2036-04-23,0.00215820930604,0.00215820930604,0.00215820930604
2036-04-24,0.00720342667973,0.00720342667973,0.00720342667973
2036-04-25,0.0296656194545,0.0296656194545,0.0296656194545
2036-04-28,0.0067636496122,0.0067636496122,0.0067636496122
2036-04-29,-0.00145262074208,-0.00145262074208,-0.00145262074208
2036-04-30,0.00703685920857,0.00703685920857,0.00703685920857
2036-05-01,-0.0160928546469,-0.0160928546469,-0.0160928546469
2036-05-02,0.00492046224004,0.00492046224004,0.00492046224004
2036-05-05,-0.00491804662023,-0.00491804662023,-0.00491804662023
2036-05-06,0.00648416251489,0.00648416251489,0.00648416251489
2036-05-07,0.0225290078285,0.0225290078285,0.0225290078285
2036-05-08,0.0118201844592,0.0118201844592,0.0118201844592
2036-05-09,-0.00598512649054,-0.00598512649054,-0.00598512649054
2036-05-12,0.0133159161928,0.0133159161928,0.0133159161928
2036-05-13,-0.000741662778829,-0.000741662778829,-0.000741662778829
2036-05-14,0.0147128676864,0.0147128676864,0.0147128676864
2036-05-15,0.0115330117243,0.0115330117243,0.0115330117243
2036-05-16,0.0185169458592,0.0185169458592,0.0185169458592
2036-05-19,0.0105040382917,0.0105040382917,0.0105040382917
2036-05-20,0.000567799350146,0.000567799350146,0.000567799350146
2036-05-21,0.00956900527684,0.00956900527684,0.00956900527684
2036-05-22,0.0069210571923,0.0069210571923,0.0069210571923
2036-05-23,0.0128296753378,0.0128296753378,0.0128296753378
2036-05-26,0.00243447854464,0.00243447854464,0.00243447854464
2036-05-27,-0.00161147108306,-0.00161147108306,-0.00161147108306
2036-05-28,0.00230100298517,0.00230100298517,0.00230100298517
2036-05-29,0.00885150801383,0.00885150801383,0.00885150801383
2036-05-30,-0.00263419220604,-0.00263419220604,-0.00263419220604
2036-06-02,0.000758722255323,0.000758722255323,0.000758722255323
2036-06-03,-0.00538970956255,-0.00538970956255,-0.00538970956255
2036-06-04,0.0110692203416,0.0110692203416,0.0110692203416
2036-06-05,-0.00556190157406,-0.00556190157406,-0.00556190157406
2036-06-06,0.000888302794664,0.000888302794664,0.000888302794664
2036-06-09,-0.00758178506418,-0.00758178506418,-0.00758178506418
2036-06-10,0.000864105569737,0.000864105569737,0.000864105569737
2036-06-11,-0.00379733215502,-0.00379733215502,-0.00379733215502
2036-06-12,-0.00435018891198,-0.00435018891198,-0.00435018891198
2036-06-13,-0.0106841128259,-0.0106841128259,-0.0106841128259
2036-06-16,-0.00575827767682,-0.00575827767682,-0.00575827767682
2036-06-17,-0.00884087580695,-0.00884087580695,-0.00884087580695
2036-06-18,0.0141202885156,0.0141202885156,0.0141202885156
2036-06-19,0.0179878000652,0.0179878000652,0.0179878000652
2036-06-20,0.0028630347277,0.0028630347277,0.0028630347277
2036-06-23,0.00375777979598,0.00375777979598,0.00375777979598
2036-06-24,-0.0118568771229,-0.0118568771229,-0.0118568771229
2036-06-25,-0.0106372431298,-0.0106372431298,-0.0106372431298
2036-06-26,0.0120699749221,0.0120699749221,0.0120699749221
2036-06-27,-0.011673782937,-0.011673782937,-0.011673782937
2036-06-30,-0.0122485053009,-0.0122485053009,-0.0122485053009
2036-07-01,-0.0136119828732,-0.0136119828732,-0.0136119828732
2036-07-02,0.00134648207904,0.00134648207904,0.00134648207904
2036-07-03,-0.00236372692504,-0.00236372692504,-0.00236372692504
2036-07-04,-0.0146563032829,-0.0146563032829,-0.0146563032829
2036-07-07,0.00313576233186,0.00313576233186,0.00313576233186
2036-07-08,-0.00412231948041,-0.00412231948041,-0.00412231948041
2036-07-09,0.0031489205849,0.0031489205849,0.0031489205849
2036-07-10,0.00153156327097,0.00153156327097,0.00153156327097
2036-07-11,-0.00297903558308,-0.00297903558308,-0.00297903558308
2036-07-14,0.00671675130017,0.00671675130017,0.00671675130017
2036-07-15,0.0200786956337,0.0200786956337,0.0200786956337
2036-07-16,0.00761110024978,0.00761110024978,0.00761110024978
2036-07-17,-0.00175422656613,-0.00175422656613,-0.00175422656613
2036-07-18,-0.00435254678041,-0.00435254678041,-0.00435254678041
2036-07-21,-0.0149696074866,-0.0149696074866,-0.0149696074866
2036-07-22,-0.00888093436904,-0.00888093436904,-0.00888093436904
2036-07-23,0.00706732123823,0.00706732123823,0.00706732123823
2036-07-24,0.00190077386221,0.00190077386221,0.00190077386221
2036-07-25,0.00933618127904,0.00933618127904,0.00933618127904
2036-07-28,-0.00617647059133,-0.00617647059133,-0.00617647059133
2036-07-29,-0.00453416335574,-0.00453416335574,-0.00453416335574
2036-07-30,0.000460187793693,0.000460187793693,0.000460187793693
2036-07-31,0.0115818563091,0.0115818563091,0.0115818563091
2036-08-01,0.00626742828679,0.00626742828679,0.00626742828679
2036-08-04,0.0111633418438,0.0111633418438,0.0111633418438
2036-08-05,-0.000247790086852,-0.000247790086852,-0.000247790086852
2036-08-06,0.0149682949285,0.0149682949285,0.0149682949285
2036-08-07,0.00698045667849,0.00698045667849,0.00698045667849
2036-08-08,-0.014343518395,-0.014343518395,-0.014343518395
2036-08-11,0.0135060994021,0.0135060994021,0.0135060994021
2036-08-12,-0.0114378755352,-0.0114378755352,-0.0114378755352
2036-08-13,-0.00269688358637,-0.00269688358637,-0.00269688358637
2036-08-14,-0.00545792709809,-0.00545792709809,-0.00545792709809
2036-08-15,-0.0034128668676,-0.0034128668676,-0.0034128668676
2036-08-18,-0.00304505496625,-0.00304505496625,-0.00304505496625
2036-08-19,-0.0104387694037,-0.0104387694037,-0.0104387694037
2036-08-20,-0.00176595284531,-0.00176595284531,-0.00176595284531
2036-08-21,0.00702606719611,0.00702606719611,0.00702606719611
2036-08-22,0.00254175118548,0.00254175118548,0.00254175118548
2036-08-25,-0.00973715808851,-0.00973715808851,-0.00973715808851
2036-08-26,0.00830260461167,0.00830260461167,0.00830260461167
2036-08-27,0.00229580499438,0.00229580499438,0.00229580499438
2036-08-28,-0.0100283428461,-0.0100283428461,-0.0100283428461
2036-08-29,-0.0236523735932,-0.0236523735932,-0.0236523735932
2036-09-01,-0.0036816284166,-0.0036816284166,-0.0036816284166
2036-09-02,-0.00842184689209,-0.00842184689209,-0.00842184689209
2036-09-03,0.00693818965241,0.00693818965241,0.00693818965241
2036-09-04,0.00151191151257,0.00151191151257,0.00151191151257
2036-09-05,0.0164284937874,0.0164284937874,0.0164284937874
2036-09-08,0.010021755002,0.010021755002,0.010021755002
2036-09-09,-0.0274217179639,-0.0274217179639,-0.0274217179639
2036-09-10,-0.016020575823,-0.016020575823,-0.016020575823
2036-09-11,0.00196058894677,0.00196058894677,0.00196058894677
2036-09-12,0.00511139321929,0.00511139321929,0.00511139321929
2036-09-15,-0.00219333136322,-0.00219333136322,-0.00219333136322
2036-09-16,-0.00507843252532,-0.00507843252532,-0.00507843252532
2036-09-17,-0.0130978589504,-0.0130978589504,-0.0130978589504
2036-09-18,-0.00367523863726,-0.00367523863726,-0.00367523863726
2036-09-19,-0.00412329329149,-0.00412329329149,-0.00412329329149
2036-09-22,0.000537662303134,0.000537662303134,0.000537662303134
2036-09-23,0.00871554919898,0.00871554919898,0.00871554919898
2036-09-24,0.00133685461998,0.00133685461998,0.00133685461998
2036-09-25,0.000195815573295,0.000195815573295,0.000195815573295
2036-09-26,-0.0138278696611,-0.0138278696611,-0.0138278696611
2036-09-29,-0.00127444154371,-0.00127444154371,-0.00127444154371
2036-09-30,-0.00819722135262,-0.00819722135262,-0.00819722135262
2036-10-01,0.0136137357933,0.0136137357933,0.0136137357933
2036-10-02,0.000729060429558,0.000729060429558,0.000729060429558
2036-10-03,0.00741127344543,0.00741127344543,0.00741127344543
2036-10-06,0.0157473798076,0.0157473798076,0.0157473798076
2036-10-07,0.0101499108765,0.0101499108765,0.0101499108765
2036-10-08,0.006829407345,0.006829407345,0.006829407345
2036-10-09,-0.00827119346619,-0.00827119346619,-0.00827119346619
2036-10-10,-0.00790482928501,-0.00790482928501,-0.00790482928501
2036-10-13,-0.00610291199364,-0.00610291199364,-0.00610291199364
2036-10-14,-0.00204399032355,-0.00204399032355,-0.00204399032355
2036-10-15,0.00410889645946,0.00410889645946,0.00410889645946
2036-10-16,0.0203327745326,0.0203327745326,0.0203327745326
2036-10-17,-0.00192782456674,-0.00192782456674,-0.00192782456674
2036-10-20,-0.0110468691272,-0.0110468691272,-0.0110468691272
2036-10-21,0.00129210092668,0.00129210092668,0.00129210092668
2036-10-22,0.0139410156514,0.0139410156514,0.0139410156514
2036-10-23,-0.00563606184738,-0.00563606184738,-0.00563606184738
2036-10-24,-0.00147903463412,-0.00147903463412,-0.00147903463412
2036-10-27,-0.00640249695138,-0.00640249695138,-0.00640249695138
2036-10-28,0.000845155186655,0.000845155186655,0.000845155186655
2036-10-29,-0.013097737308,-0.013097737308,-0.013097737308
2036-10-30,0.00180656827725,0.00180656827725,0.00180656827725
2036-10-31,0.00617211579217,0.00617211579217,0.00617211579217
2036-11-03,0.000139937091232,0.000139937091232,0.000139937091232
2036-11-04,-0.00814027901511,-0.00814027901511,-0.00814027901511
2036-11-05,0.00313559349782,0.00313559349782,0.00313559349782
2036-11-06,-0.00502878798535,-0.00502878798535,-0.00502878798535
2036-11-07,0.00352299789829,0.00352299789829,0.00352299789829
2036-11-10,-0.0106797332933,-0.0106797332933,-0.0106797332933
2036-11-11,0.016854268717,0.016854268717,0.016854268717
2036-11-12,0.00290141552577,0.00290141552577,0.00290141552577
2036-11-13,-0.0108216794436,-0.0108216794436,-0.0108216794436
2036-11-14,0.00105051811033,0.00105051811033,0.00105051811033
2036-11-17,0.012028911329,0.012028911329,0.012028911329
2036-11-18,-0.00144667455312,-0.00144667455312,-0.00144667455312
2036-11-19,-0.00510961582419,-0.00510961582419,-0.00510961582419
2036-11-20,-0.00793745150866,-0.00793745150866,-0.00793745150866
2036-11-21,-0.0121160003357,-0.0121160003357,-0.0121160003357
2036-11-24,-0.00403180811707,-0.00992529219296,-0.00992529219296
2036-11-25,5.00000000001e-05,0.0091620618948,0.0091620618948
2036-11-26,5.00000000001e-05,-0.0144614584511,-0.0144614584511
2036-11-27,5.00000000001e-05,0.000762478084238,0.000762478084238
2036-11-28,5.00000000001e-05,0.00897257155946,0.00897257155946
2036-12-01,5.00000000001e-05,-0.0108492615202,-0.0108492615202
2036-12-02,5.00000000001e-05,0.000512188078767,0.000512188078767
2036-12-03,5.00000000001e-05,0.0126398648368,0.0126398648368
2036-12-04,5.00000000001e-05,-0.0192165168832,-0.0192165168832
2036-12-05,5.00000000001e-05,0.0037833339929,0.0106465359993
2036-12-08,5.00000000001e-05,0.0132350085283,0.0174277444283
2036-12-09,5.00000000001e-05,0.00976896213755,0.00976896213755
2036-12-10,5.00000000001e-05,-0.00779731812747,-0.00779731812747
2036-12-11,5.00000000001e-05,0.00752908369928,0.00752908369928
2036-12-12,5.00000000001e-05,0.00445113304994,0.00445113304994
2036-12-15,5.00000000001e-05,-0.00243892035626,-0.00243892035626
2036-12-16,5.00000000001e-05,-0.00312818981139,-0.00312818981139
2036-12-17,5.00000000001e-05,0.0013135001716,0.0013135001716
2036-12-18,5.00000000001e-05,0.0136344431678,0.0136344431678
2036-12-19,5.00000000001e-05,0.0045629116721,0.0045629116721
2036-12-22,5.00000000001e-05,-0.00724560781929,-0.00724560781929
2036-12-23,5.00000000001e-05,-0.00858392641458,-0.00858392641458
2036-12-24,5.00000000001e-05,0.00214774385969,0.00214774385969
2036-12-25,5.00000000001e-05,0.00107060548647,0.00107060548647
2036-12-26,5.00000000001e-05,0.0145204494712,0.0145204494712
2036-12-29,5.00000000001e-05,0.0170799951372,0.0170799951372
2036-12-30,0.00411800556918,0.0129990718832,0.0129990718832
2036-12-31,0.00661776546056,0.00661776546056,0.00661776546056
2037-01-01,-0.00755065796084,-0.00755065796084,-0.00755065796084
2037-01-02,4.44490118712e-06,4.44490118712e-06,4.44490118712e-06
2037-01-05,-0.0133244425718,-0.0133244425718,-0.0133244425718
2037-01-06,0.00961284488021,0.00961284488021,0.00961284488021
2037-01-07,0.00186867731422,0.00186867731422,0.00186867731422
2037-01-08,-0.00362564475061,-0.00362564475061,-0.00362564475061
2037-01-09,-0.00100658538318,-0.00100658538318,-0.00100658538318
2037-01-12,-0.00511990063547,-0.00511990063547,-0.00511990063547
2037-01-13,0.00225158801879,0.00225158801879,0.00225158801879
2037-01-14,0.00823605834025,0.00823605834025,0.00823605834025
2037-01-15,0.0128433566989,0.0128433566989,0.0128433566989
2037-01-16,0.00328248510113,0.00328248510113,0.00328248510113
2037-01-19,-0.0194504593525,-0.0194504593525,-0.0194504593525
2037-01-20,0.00426180457917,0.00426180457917,0.00426180457917
2037-01-21,-0.000532464484206,-0.000532464484206,-0.000532464484206
2037-01-22,0.00929587402746,0.00929587402746,0.00929587402746
2037-01-23,-0.0183661774282,-0.0183661774282,-0.0183661774282
2037-01-26,0.0120823483624,0.0120823483624,0.0120823483624
2037-01-27,0.00140597510244,0.00140597510244,0.00140597510244
2037-01-28,0.0124335545103,0.0124335545103,0.0124335545103
2037-01-29,-0.00336355410279,-0.00336355410279,-0.00336355410279
2037-01-30,0.00861352130129,0.00861352130129,0.00861352130129
2037-02-02,0.00752519977601,0.00752519977601,0.00752519977601
2037-02-03,-0.011791542859,-0.011791542859,-0.011791542859
2037-02-04,0.00573490171399,0.00573490171399,0.00573490171399
2037-02-05,0.00360851117748,0.00360851117748,0.00360851117748
2037-02-06,-0.00605862764608,-0.00605862764608,-0.00605862764608
2037-02-09,0.0033115207021,0.0033115207021,0.0033115207021
2037-02-10,0.00286800283514,0.00286800283514,0.00286800283514
2037-02-11,-0.00744737297575,-0.00744737297575,-0.00744737297575
2037-02-12,-0.00205796169584,-0.00205796169584,-0.00205796169584
2037-02-13,0.0117751184088,0.0117751184088,0.0117751184088
2037-02-16,0.0124184807876,0.0124184807876,0.0124184807876
2037-02-17,0.00665528598798,0.00665528598798,0.00665528598798
2037-02-18,0.0160893521912,0.0160893521912,0.0160893521912
2037-02-19,0.00773555976532,0.00773555976532,0.00773555976532
2037-02-20,0.00769829786007,0.00769829786007,0.00769829786007
2037-02-23,-0.00451975484627,-0.00451975484627,-0.00451975484627
2037-02-24,-0.00134577854321,-0.00134577854321,-0.00134577854321
2037-02-25,-0.0051952902561,-0.0051952902561,-0.0051952902561
2037-02-26,0.0115219524092,0.0115219524092,0.0115219524092
2037-02-27,-0.0034053778146,-0.0034053778146,-0.0034053778146
2037-03-02,0.00216073065695,0.00216073065695,0.00216073065695
2037-03-03,-0.00515100430353,-0.00515100430353,-0.00515100430353
2037-03-04,0.0127154864282,0.0127154864282,0.0127154864282
2037-03-05,-0.00749238327827,-0.00749238327827,-0.00749238327827
2037-03-06,0.00194631773155,0.00194631773155,0.00194631773155
2037-03-09,-0.0110559955638,-0.0110559955638,-0.0110559955638
2037-03-10,0.00325198957392,0.00325198957392,0.00325198957392
2037-03-11,-0.0117752010017,-0.0117752010017,-0.0117752010017
2037-03-12,0.00764936095578,0.00764936095578,0.00764936095578
2037-03-13,-0.0040768995454,-0.0040768995454,-0.0040768995454
2037-03-16,-0.00769523195676,-0.00769523195676,-0.00769523195676
2037-03-17,-0.00635803111551,-0.00635803111551,-0.00635803111551
2037-03-18,-0.00641717025407,-0.00641717025407,-0.00641717025407
2037-03-19,-0.000588331351348,-0.000588331351348,-0.000588331351348
2037-03-20,0.00597240611827,0.00597240611827,0.00597240611827
2037-03-23,0.00341971528607,0.00341971528607,0.00341971528607
2037-03-24,-0.0048140716824,-0.0048140716824,-0.0048140716824
2037-03-25,0.00632912149843,0.00632912149843,0.00632912149843
2037-03-26,0.00825551898896,0.00825551898896,0.00825551898896
2037-03-27,0.00433598937462,0.00433598937462,0.00433598937462
2037-03-30,-0.00444553910215,-0.00444553910215,-0.00444553910215
2037-03-31,-0.0120884218506,-0.0120884218506,-0.0120884218506
2037-04-01,-0.00275255986207,-0.00275255986207,-0.00275255986207
2037-04-02,0.0142031334351,0.0142031334351,0.0142031334351
2037-04-03,0.00722092365824,0.00722092365824,0.00722092365824
2037-04-06,-0.0189855298195,-0.0189855298195,-0.0189855298195
2037-04-07,0.00762279672945,0.00762279672945,0.00762279672945
2037-04-08,0.0123690519552,0.0123690519552,0.0123690519552
2037-04-09,-0.00322495280402,-0.00322495280402,-0.00322495280402
2037-04-10,0.00242853408979,0.00242853408979,0.00242853408979
2037-04-13,-0.00940919751193,-0.00940919751193,-0.00940919751193
2037-04-14,0.00347371576472,0.00347371576472,0.00347371576472
2037-04-15,-0.00420954599067,-0.00420954599067,-0.00420954599067
2037-04-16,0.000671816022204,0.000671816022204,0.000671816022204
2037-04-17,-0.0106103686473,-0.0106103686473,-0.0106103686473
2037-04-20,0.00253920938103,0.00253920938103,0.00253920938103
2037-04-21,-0.00788706363828,-0.00788706363828,-0.00788706363828
2037-04-22,0.000509284499024,0.000509284499024,0.000509284499024
2037-04-23,0.00621960351208,0.00621960351208,0.00621960351208
2037-04-24,0.00670394619423,0.00670394619423,0.00670394619423
2037-04-27,0.00997450995719,0.00997450995719,0.00997450995719
2037-04-28,-0.00686069379265,-0.00686069379265,-0.00686069379265
2037-04-29,-0.0103264696183,-0.0103264696183,-0.0103264696183
2037-04-30,-0.000111947226371,-0.000111947226371,-0.000111947226371
2037-05-01,-0.000189620497384,-0.000189620497384,-0.000189620497384
2037-05-04,0.00405516445228,0.00405516445228,0.00405516445228
2037-05-05,0.000331546826751,0.000331546826751,0.000331546826751
2037-05-06,0.00890263659981,0.00890263659981,0.00890263659981
2037-05-07,0.000353565287043,0.000353565287043,0.000353565287043
2037-05-08,-0.000948226460158,-0.000948226460158,-0.000948226460158
2037-05-11,-0.0106632346439,-0.0106632346439,-0.0106632346439
2037-05-12,-0.000894859927146,-0.000894859927146,-0.000894859927146
2037-05-13,0.00251267701195,0.00251267701195,0.00251267701195
2037-05-14,0.0190075755272,0.0190075755272,0.0190075755272
2037-05-15,0.00216062316648,0.00216062316648,0.00216062316648
2037-05-18,0.010759516791,0.010759516791,0.010759516791
2037-05-19,-0.016281043536,-0.016281043536,-0.016281043536
2037-05-20,-0.00553108337655,-0.00553108337655,-0.00553108337655
2037-05-21,-0.0104214906132,-0.0104214906132,-0.0104214906132
2037-05-22,0.0102654881361,0.0102654881361,0.0102654881361
2037-05-25,-0.0323060387206,-0.0323060387206,-0.0323060387206
2037-05-26,0.00255053712113,0.00255053712113,0.00255053712113
2037-05-27,-0.00772435308729,-0.00772435308729,-0.00772435308729
2037-05-28,0.0123531730782,0.0123531730782,0.0123531730782
2037-05-29,-0.00445101306612,-0.00445101306612,-0.00445101306612
2037-06-01,-0.00651521886479,-0.00651521886479,-0.00651521886479
2037-06-02,-0.00977051505331,-0.00977051505331,-0.00977051505331
2037-06-03,0.00536694492114,0.00536694492114,0.00536694492114
2037-06-04,0.00933189789186,0.00933189789186,0.00933189789186
2037-06-05,-0.0140234216363,-0.0140234216363,-0.0140234216363
2037-06-08,-0.000471062051842,-0.000471062051842,-0.000471062051842
2037-06-09,0.0116679035031,0.0116679035031,0.0116679035031
2037-06-10,-0.00134487929153,-0.00134487929153,-0.00134487929153
2037-06-11,-0.0029808750716,-0.0029808750716,-0.0029808750716
2037-06-12,-0.00758317631228,-0.00758317631228,-0.00758317631228
2037-06-15,-0.00329661098293,-0.00329661098293,-0.00329661098293
2037-06-16,-0.000128487272363,-0.000128487272363,-0.000128487272363
2037-06-17,0.00265110378602,0.00265110378602,0.00265110378602
2037-06-18,-0.000209541458195,-0.000209541458195,-0.000209541458195
2037-06-19,-0.00917880666818,-0.00917880666818,-0.00917880666818
2037-06-22,0.00474627043849,0.0109735091708,0.00474627043849
2037-06-23,-0.00919748279635,-0.00458997050092,-0.00919748279635
2037-06-24,0.00439218951133,0.0155912386148,0.0155912386148
2037-06-25,-0.00393275335929,0.000570190089787,0.000570190089787
2037-06-26,-0.00507750034069,-0.00507750034069,-0.00507750034069
2037-06-29,-0.00234512265163,-0.00234512265163,-0.00234512265163
2037-06-30,0.0136910817533,0.0136910817533,0.0136910817533
2037-07-01,-0.00508509425879,-0.00508509425879,-0.00508509425879
2037-07-02,-0.00895118554469,-0.00895118554469,-0.00895118554469
2037-07-03,0.0037816032358,0.0037816032358,0.0037816032358
2037-07-06,-0.000343034078778,-0.000343034078778,-0.000343034078778
2037-07-07,-0.0134535912145,-0.0134535912145,-0.0134535912145
2037-07-08,-0.00289071953736,0.00950802337528,-0.00289071953736
2037-07-09,0.00011002470369,-0.00275365360433,0.00011002470369
2037-07-10,-0.011109406822,-0.011109406822,-0.011109406822
2037-07-13,-0.0101723132435,-0.0173760087216,-0.0101723132435
2037-07-14,5.00000000001e-05,-0.0143180019679,5.00000000001e-05
2037-07-15,5.00000000001e-05,0.00482162046589,5.00000000001e-05
2037-07-16,5.00000000001e-05,0.00970626239549,5.00000000001e-05
2037-07-17,5.00000000001e-05,0.00795358060681,5.00000000001e-05
2037-07-20,5.00000000001e-05,-0.00722794433692,5.00000000001e-05
2037-07-21,5.00000000001e-05,-0.00936765892292,5.00000000001e-05
2037-07-22,5.00000000001e-05,-0.00318961736109,5.00000000001e-05
2037-07-23,5.00000000001e-05,0.0160248753789,5.00000000001e-05
2037-07-24,5.00000000001e-05,0.000440745504235,5.00000000001e-05
2037-07-27,5.00000000001e-05,0.00153468291633,5.00000000001e-05
2037-07-28,5.00000000001e-05,0.00150615066082,5.00000000001e-05
2037-07-29,5.00000000001e-05,-0.0054841626008,5.00000000001e-05
2037-07-30,5.00000000001e-05,-0.00711365916933,5.00000000001e-05
2037-07-31,5.00000000001e-05,-0.0220940951863,5.00000000001e-05
2037-08-03,5.00000000001e-05,0.00116505466947,5.00000000001e-05
2037-08-04,5.00000000001e-05,-0.0141769257231,5.00000000001e-05
2037-08-05,5.00000000001e-05,-0.0146373626964,5.00000000001e-05
2037-08-06,5.00000000001e-05,-0.00523532918864,5.00000000001e-05
2037-08-07,5.00000000001e-05,0.0124566130934,5.00000000001e-05
2037-08-10,5.00000000001e-05,-0.0125550315442,5.00000000001e-05
2037-08-11,5.00000000001e-05,0.0144758460746,5.00000000001e-05
2037-08-12,5.00000000001e-05,-0.00692748890005,5.00000000001e-05
2037-08-13,5.00000000001e-05,0.0031048996832,5.00000000001e-05
2037-08-14,5.00000000001e-05,0.0043282164892,5.00000000001e-05
2037-08-17,5.00000000001e-05,0.00142532789111,5.00000000001e-05
2037-08-18,5.00000000001e-05,-0.00509288976973,5.00000000001e-05
2037-08-19,5.00000000001e-05,-0.0067180599077,5.00000000001e-05
2037-08-20,5.00000000001e-05,0.0180158836091,5.00000000001e-05
2037-08-21,5.00000000001e-05,0.00442817024237,5.00000000001e-05
2037-08-24,5.00000000001e-05,-0.00926758180504,5.00000000001e-05
2037-08-25,5.00000000001e-05,-0.0137505775853,5.00000000001e-05
2037-08-26,5.00000000001e-05,-0.00286546572698,5.00000000001e-05
2037-08-27,5.00000000001e-05,-0.0029107621107,5.00000000001e-05
2037-08-28,5.00000000001e-05,-0.000468139642711,5.00000000001e-05
2037-08-31,5.00000000001e-05,-0.00918564504838,5.00000000001e-05
2037-09-01,5.00000000001e-05,-0.0101506329391,5.00000000001e-05
2037-09-02,5.00000000001e-05,0.00858453481726,5.00000000001e-05
2037-09-03,5.00000000001e-05,-0.000539731729181,5.00000000001e-05
2037-09-04,5.00000000001e-05,9.51254857495e-05,5.00000000001e-05
2037-09-07,5.00000000001e-05,0.00232481198194,5.00000000001e-05
2037-09-08,5.00000000001e-05,-0.00943960965095,5.00000000001e-05
2037-09-09,5.00000000001e-05,-0.0026976806917,5.00000000001e-05
2037-09-10,5.00000000001e-05,0.0165983108514,5.00000000001e-05
2037-09-11,5.00000000001e-05,-0.00832257772511,5.00000000001e-05
2037-09-14,5.00000000001e-05,0.00471345845456,5.00000000001e-05
2037-09-15,5.00000000001e-05,-0.00358907320338,5.00000000001e-05
2037-09-16,5.00000000001e-05,-0.00633640953309,5.00000000001e-05
2037-09-17,5.00000000001e-05,0.00412961248571,5.00000000001e-05
2037-09-18,5.00000000001e-05,0.0179821517423,5.00000000001e-05
2037-09-21,5.00000000001e-05,-0.00466885449966,5.00000000001e-05
2037-09-22,5.00000000001e-05,-0.00712929905703,5.00000000001e-05
